USE lisaa_sql;


# dump data for Location
INSERT INTO Location (locationID, city, country, description) VALUES
(1, 'Vienna', 'Austria', 'The capital city known for its cultural events, imperial sites, and coffee houses.'),
(2, 'Brussels', 'Belgium', 'The heart of the European Union and famous for its chocolates and beers.'),
(3, 'Copenhagen', 'Denmark', 'A charming capital with a historic center, modern architecture, and culinary scene.'),
(4, 'Helsinki', 'Finland', 'A vibrant seaside city with unique architecture and design.'),
(5, 'Paris', 'France', 'The city of love and the Eiffel Tower, known for its art, fashion, and gastronomy.'),
(6, 'Berlin', 'Germany', 'A city rich in history with modern architecture and vibrant arts scene.'),
(7, 'Athens', 'Greece', 'The cradle of Western civilization, known for its ancient monuments.'),
(8, 'Dublin', 'Ireland', 'The capital city known for its cultural heritage and vibrant nightlife.'),
(9, 'Rome', 'Italy', 'The Eternal City, renowned for its ancient history and architecture.'),
(10, 'Amsterdam', 'Netherlands', 'A city with scenic canals, artistic heritage, and vibrant cycling culture.'),
(11, 'Oslo', 'Norway', 'A modern city in the midst of stunning natural beauty.'),
(12, 'Warsaw', 'Poland', 'A city that blends a rich history with a contemporary urban cultural scene.'),
(13, 'Lisbon', 'Portugal', 'A hilly coastal city with a rich maritime history and a vibrant cultural scene.'),
(14, 'Madrid', 'Spain', 'The bustling capital known for its cultural festivals, art museums, and tapas.'),
(15, 'Stockholm', 'Sweden', 'A city spread across 14 islands with a rich history and vibrant urban life.'),
(16, 'Bern', 'Switzerland', 'The de facto capital known for its medieval architecture and charm.'),
(17, 'London', 'United Kingdom', 'A world-leading global city known for its history, arts, and multicultural landscape.'),
(18, 'Barcelona', 'Spain', 'Known for its unique architecture, vibrant nightlife, and stunning beaches.'),
(19, 'Munich', 'Germany', 'Famous for its Oktoberfest, beer gardens, and cultural heritage.'),
(20, 'Stuttgart', 'Germany', 'A city surrounded by vineyards, famous for automotive industry giants.'),
(21, 'Frankfurt', 'Germany', 'A leading financial hub with a skyline filled with skyscrapers.'),
(22, 'Hamburg', 'Germany', 'A harbor city known for its maritime culture and musical heritage.'),
(23, 'Cologne', 'Germany', 'Known for its impressive cathedral and vibrant media and tourism industries.'),
(24, 'Düsseldorf', 'Germany', 'Recognized for its fashion industry and art scene.'),
(25, 'Leipzig', 'Germany', 'Celebrated for its music, art, and its role in history as a trade city.'),
(26, 'Bordeaux', 'France', 'World-famous for its wine and stunning 18th-century architecture.'),
(27, 'Nice', 'France', 'Known for its beautiful Mediterranean beaches and vibrant cultural life.'),
(28, 'Lyon', 'France', 'Known for its historical and architectural landmarks and gastronomy.'),
(29, 'Marseille', 'France', 'A port city with a rich maritime history and multicultural vibe.'),
(30, 'Naples', 'Italy', 'Renowned for its rich history, art, gastronomy, and the nearby Amalfi Coast.'),
(31, 'Milan', 'Italy', 'A global fashion capital, known for its high-end shopping and architecture.'),
(32, 'Florence', 'Italy', 'A city that embodies Renaissance art and architecture.'),
(33, 'Venice', 'Italy', 'Known for its canals, Gothic architecture, and romance.'),
(34, 'Turin', 'Italy', 'Famed for its industry, culture, and the Shroud of Turin.'),
(35, 'Prague', 'Czech Republic', 'A fairy-tale town known for its beautiful architecture and Bohemian history.'),
(36, 'Vienna', 'Austria', 'Renowned for its artistic and intellectual legacy.'),
(37, 'Budapest', 'Hungary', 'A city of thermal baths, classical music, and stunning architecture.'),
(38, 'Luxembourg City', 'Luxembourg', 'A fairy-tale city headquartering many European Union institutions.'),
(39, 'Reykjavík', 'Iceland', 'The northernmost capital in the world, known for its quirky culture.'),
(40, 'Tallinn', 'Estonia', 'A historic coastal city with a well-preserved medieval old town.'),
(41, 'Vilnius', 'Lithuania', 'A city with Baroque architecture and a rich cultural scene.'),
(42, 'Riga', 'Latvia', 'Known for its wooden buildings, Art Nouveau architecture, and medieval old town.'),
(43, 'Sofia', 'Bulgaria', 'A city with Roman ruins mixed with modern development.'),
(44, 'Bucharest', 'Romania', 'Known as the ''Little Paris'' of the East with a diverse architecture.'),
(45, 'Warsaw', 'Poland', 'A vibrant city reborn from its complex history.'),
(46, 'Bratislava', 'Slovakia', 'A city on the Danube known for its charming old town.'),
(47, 'Ljubljana', 'Slovenia', 'A small city with beautiful architecture and relaxed atmosphere.'),
(48, 'Zagreb', 'Croatia', 'Known for its historic medieval old town and vibrant cultural life.'),
(49, 'Belgrade', 'Serbia', 'A city where Sava and Danube rivers meet, rich in nightlife and history.'),
(50, 'Sarajevo', 'Bosnia and Herzegovina', 'A city renowned for its cultural and religious diversity.'),
(51, 'Skopje', 'North Macedonia', 'Known for its historic monuments and vibrant culture.'),
(52, 'Tirana', 'Albania', 'A capital with colorful buildings and rich history.'),
(53, 'Podgorica', 'Montenegro', 'A city blending old and modern architecture.'),
(54, 'Pristina', 'Kosovo', 'The youngest capital in Europe with modern vibrancy.'),
(55, 'San Marino', 'San Marino', 'A picturesque town atop Monte Titano offering stunning views.'),
(56, 'Vaduz', 'Liechtenstein', 'A small capital with a medieval castle overlooking the city.');


# dump data for abroadProgram 
INSERT INTO abroadProgram (programID, programName, prgmDescription, locationID, programType, empID) VALUES
(1, 'Vienna', 'Experience innovation in Vienna with a focus on startups, venture capital, and entrepreneurship.', 1, 'Dialogue of Civilizations', 1),
(2, 'Brussels', 'Immerse yourself in the healthcare system of Brussels, with practical sessions in public health and medical ethics.', 2, 'Semester.in', 2),
(3, 'Copenhagen', 'Investigate the advancements in AI and robotics in Copenhagen, alongside industry leaders and academic mentors.', 3, 'Traditional Study Abroad', 3),
(4, 'Helsinki', 'Analyze the economic landscape of Helsinki while studying international economics and development.', 4, 'Traditional Study Abroad', 4),
(5, 'Paris', 'Live and learn in Paris while exploring central and Western European studies through a historical lens.', 5, 'Semester.in', 5),
(6, 'Berlin', 'Experience the unique blend of tradition and modernity in Berlin with courses in history, culture, and politics.', 6, 'Traditional Study Abroad', 6),
(7, 'Athens', 'Study marine biology in the coastal city of Athens and engage with local conservation projects.', 7, 'Dialogue of Civilizations', 7),
(8, 'Dublin', 'Study the art and architecture of Dublin while taking courses in design thinking and innovation.', 8, 'NU.in', 8),
(9, 'Rome', 'Witness the urban evolution of Rome and study urban planning, real estate, and architecture.', 9, 'Dialogue of Civilizations', 9),
(10, 'Amsterdam', 'Participate in our intensive studies program in Amsterdam, focusing on history, politics, and contemporary culture.', 10, 'Traditional Study Abroad', 10),
(11, 'Oslo', 'Analyze the economic landscape of Oslo while studying international economics and development.', 11, 'Traditional Study Abroad', 11),
(12, 'Warsaw', 'Engage with the community development efforts in Warsaw while studying sociology and humanitarian action.', 12, 'Dialogue of Civilizations', 12),
(13, 'Lisbon', 'Experience the vibrant city life of Lisbon and study Portugese language and culture through hands-on projects.', 13, 'NU.in', 13),
(14, 'Madrid', 'Witness the urban evolution of Madrid and study urban planning, real estate, and architecture.', 14, 'Dialogue of Civilizations', 14),
(15, 'Stockholm', 'Immerse yourself in the healthcare system of Stockholm, with practical sessions in public health and medical ethics.', 15, 'Dialogue of Civilizations', 15),
(16, 'Bern', 'Participate in wildlife conservation efforts in Bern, focusing on ecosystem management and biology studies.', 16, 'Traditional Study Abroad', 16),
(17, 'London', 'Experience innovation in London with a focus on startups, venture capital, and entrepreneurship.', 17, 'Traditional Study Abroad', 17),
(18, 'Barcelona', 'Discover the ancient history of Barcelona while participating in archaeological digs and classical studies.', 18, 'NU.in', 18),
(19, 'Munich', 'Dive into the history and business environment of Munich with a focus on international finance and management practices.', 19, 'NU.in', 19),
(20, 'Stuttgart', 'Engage with the community development efforts in Stuttgart while studying sociology and humanitarian action.', 20, 'Dialogue of Civilizations', 20),
(21, 'Frankfurt', 'Participate in a comprehensive language and culture program in Frankfurt, offering insights into Vietnam''s rapid growth.', 21, 'Traditional Study Abroad', 21),
(22, 'Hamburg', 'Experience Hamburg through the lens of political science and economics, understanding the Latin American context.', 22, 'Semester.in', 22),
(23, 'Cologne', 'Participate in wildlife conservation efforts in Cologne, focusing on ecosystem management and biology studies.', 23, 'Dialogue of Civilizations', 23),
(24, 'Düsseldorf', 'Experience innovation in Düsseldorf with a focus on startups, venture capital, and entrepreneurship.', 24, 'Dialogue of Civilizations', 24),
(25, 'Leipzig', 'Study fashion and culture in the bustling city of Leipzig, a global hub for design and creativity.', 25, 'Traditional Study Abroad', 25),
(26, 'Bordeaux', 'Participate in Bordeaux''s economic growth story with a focus on entrepreneurship and international business.', 26, 'Semester.in', 26),
(27, 'Nice', 'Explore Nice''s approach to sustainability with courses in renewable energy and environmental management.', 27, 'Traditional Study Abroad', 27),
(28, 'Lyon', 'Dive into the rich cultural scene of Lyon with courses in music, history, and the arts.', 28, 'NU.in', 28),
(29, 'Marseille', 'Study fashion and culture in the bustling city of Marseille, a global hub for design and creativity.', 29, 'Dialogue of Civilizations', 29),
(30, 'Naples', 'Experience the unique blend of tradition and modernity in Naples with courses in history, culture, and politics.', 30, 'Traditional Study Abroad', 30),
(31, 'Milan', 'Dive into the history and business environment of Milan with a focus on international finance and management practices.', 31, 'Dialogue of Civilizations', 31),
(32, 'Florence', 'Participate in our intensive Italian studies program in Florence, focusing on history, politics, and contemporary culture.', 32, 'Traditional Study Abroad', 32),
(33, 'Venice', 'Explore the art and culture of Venice while enhancing your Italian language skills in this 6-month immersive program.', 33, 'Semester.in', 33),
(34, 'Turin', 'Discover the ancient history of Turin while participating in archaeological digs and classical studies.', 34, 'Traditional Study Abroad', 34),
(35, 'Prague', 'Explore the digital landscape of Prague with courses in the latest technology trends and business practices.', 35, 'Semester.in', 35),
(36, 'Vienna', 'Join the vibrant arts community in Vienna with courses in digital media and technology innovation.', 36, 'Semester.in', 36),
(37, 'Budapest', 'Join our culinary adventure in Budapest and learn traditional Hungarian cooking techniques alongside language courses.', 37, 'Semester.in', 37),
(38, 'Luxembourg City', 'Investigate the advancements in AI and robotics in Luxembourg City, alongside industry leaders and academic mentors.', 38, 'Dialogue of Civilizations', 38),
(39, 'Reykjavík', 'Immerse yourself in the healthcare system of Reykjavík, with practical sessions in public health and medical ethics.', 39, 'NU.in', 39),
(40, 'Tallinn', 'Experience Tallinn through the lens of political science and economics, understanding the Latin American context.', 40, 'Semester.in', 40),
(41, 'Vilnius', 'Analyze the economic landscape of Vilnius while studying international economics and development.', 41, 'Dialogue of Civilizations', 41),
(42, 'Riga', 'Join our technical innovation program in Riga, focusing on software development and data analytics.', 42, 'Dialogue of Civilizations', 42),
(43, 'Sofia', 'Investigate the advancements in AI and robotics in Sofia, alongside industry leaders and academic mentors.', 43, 'Semester.in', 43),
(44, 'Bucharest', 'Join our technical innovation program in Bucharest, focusing on software development and data analytics.', 44, 'NU.in', 44),
(45, 'Warsaw', 'Participate in Warsaw''s economic growth story with a focus on entrepreneurship and international business.', 45, 'Semester.in', 45),
(46, 'Bratislava', 'Live and learn in Bratislava while exploring central and Eastern European studies through a historical lens.', 46, 'Traditional Study Abroad', 46),
(47, 'Ljubljana', 'Analyze the economic landscape of Ljubljana while studying international economics and development.', 47, 'Dialogue of Civilizations', 47),
(48, 'Zagreb', 'Engage with the ecological diversity of Zagreb while studying environmental science and policy in the Australian context.', 48, 'Traditional Study Abroad', 48),
(49, 'Belgrade', 'Experience the unique blend of tradition and modernity in Belgrade with courses in history, culture, and politics.', 49, 'Dialogue of Civilizations', 49),
(50, 'Sarajevo', 'Immerse yourself in the healthcare system of Sarajevo, with practical sessions in public health and medical ethics.', 50, 'Traditional Study Abroad', 50),
(51, 'Skopje', 'Analyze the economic landscape of Skopje while studying international economics and development.', 51, 'NU.in', 51),
(52, 'Tirana', 'Experience Tirana through the lens of political science and economics, understanding the Latin American context.', 52, 'Dialogue of Civilizations', 52),
(53, 'Podgorica', 'Participate in wildlife conservation efforts in Podgorica, focusing on ecosystem management and biology studies.', 53, 'NU.in', 53),
(54, 'Pristina', 'Join our technical innovation program in Pristina, focusing on software development and data analytics.', 54, 'NU.in', 54),
(55, 'San Marino', 'Study marine biology in the coastal city of San Marino and engage with local conservation projects.',55, 'Traditional Study Abroad', 55),
(56,'Vaduz', 'Dive into the rich cultural scene of Vaduz with courses in music, history, and the arts.' ,56, 'Semester.in' ,56);


# for ratings

INSERT INTO Rating (ratingID, programID, sID, datePosted, locRating, profRating, atmosphereRating, comment) VALUES
(1, 45, 66, '2024-04-28 09:54:03', 3, 1, 3, 'Warsaw\'s program offered the perfect blend of modern studies and historical insights.'),
(2, 31, 24, '2024-11-12 01:26:58', 1, 4, 4, 'I had the best time of my life studying marine biology in Milan.'),
(3, 25, 76, '2023-12-04 14:41:14', 3, 3, 5, 'The Leipzig program was immersive and full of diverse learning opportunities.'),
(4, 49, 25, '2024-02-23 06:30:09', 1, 5, 3, 'I had the best time of my life studying marine biology in Zagreb.'),
(5, 23, 63, '2023-12-22 03:55:57', 3, 4, 2, 'Studying in Cologne allowed me to improve my German and learn about Germany\'s history.'),
(6, 14, 83, '2024-01-26 03:45:28', 2, 5, 2, 'Madrid\'s program offered the perfect blend of modern studies and historical insights.'),
(7, 6, 80, '2024-11-22 02:35:38', 1, 2, 3, 'Berlin\'s program offered the perfect blend of modern studies and historical insights.'),
(8, 23, 14, '2024-05-10 03:13:37', 2, 2, 3, 'Cologne\'s program combined education with the joy of German festivals.'),
(9, 56, 61, '2024-02-15 15:34:48', 1, 1, 2, 'A semester in Vaduz introduced me to the rich Liechtenstein traditions and festivity.'),
(10, 43, 76, '2024-02-07 03:56:47', 5, 5, 1, 'Sofia\'s academic and social environment broadened my perspective.'),
(11, 35, 67, '2024-06-03 05:39:13', 3, 2, 1, 'Prague provided a unique insight into European liberal arts education.'),
(12, 50, 13, '2024-02-16 09:39:48', 1, 1, 2, 'Sarajevo\'s vibrant culture made my study abroad experience unforgettable.'),
(13, 46, 94, '2024-10-22 06:46:25', 5, 5, 1, 'The Bratislava architecture program was inspiring and very hands-on.'),
(14, 14, 72, '2024-05-12 20:21:38', 4, 2, 4, 'The Madrid architecture program was inspiring and very hands-on.'),
(15, 30, 74, '2023-12-15 02:10:27', 2, 4, 2, 'The hospitality in Naples was unmatched, and I learned so much about Italian business.'),
(16, 48, 70, '2024-10-07 02:39:52', 1, 4, 2, 'Exploring wildlife conservation in Zagreb was eye-opening.'),
(17, 5, 71, '2024-09-10 15:26:51', 5, 2, 5, 'Exploring wildlife conservation in Paris was eye-opening.'),
(18, 29, 17, '2024-01-24 07:44:48', 2, 2, 5, 'Marseille\'s educational approach is innovative and engaging, with amazing weekend trips.'),
(19, 46, 95, '2024-08-28 09:55:24', 2, 1, 3, 'Bratislava\'s academic and social environment broadened my perspective.'),
(20, 20, 42, '2024-07-03 02:28:03', 3, 5, 5, 'The program in Stuttgart was challenging but extremely rewarding.'),
(21, 48, 79, '2024-07-20 18:32:55', 2, 3, 1, 'Studying in Zagreb helped me improve my Croatia language skills significantly.'),
(22, 44, 60, '2024-07-24 23:39:01', 1, 5, 3, 'Bucharest\'s program on international relations is top-notch.'),
(23, 47, 93, '2024-09-19 21:48:26', 2, 2, 3, 'Ljubljana\'s program on international relations is top-notch.'),
(24, 33, 75, '2024-09-24 09:25:13', 3, 2, 4, 'Florence\'s program combined education with the joy of Brazilian festivals.'),
(25, 53, 30, '2024-04-27 14:48:57', 3, 1, 4, 'The program in Tirana was a life-changing experience. I learned so much about art and culture!'),
(26, 55, 30, '2024-05-15 19:17:47', 4, 1, 3, 'Studying in Pristina helped me improve my language skills significantly.'),
(27, 9, 60, '2024-07-26 10:02:02', 5, 2, 1, 'Dublin\'s academic and social environment broadened my perspective.'),
(28, 27, 79, '2024-10-22 18:55:46', 5, 3, 2, 'Nice\'s vibrant culture made my study abroad experience unforgettable.'),
(29, 8, 12, '2024-01-18 15:16:24', 3, 2, 5, 'My study in Dublin was a fascinating blend of academics and local culture.'),
(30, 25, 94, '2024-09-16 00:17:32', 2, 5, 5, 'The hospitality in Leipzig was unmatched, and I learned so much about German business.'),
(31, 41, 8, '2024-07-05 23:16:03', 3, 3, 1, 'Vilnius\'s program on international relations is top-notch.'),
(32, 30, 95, '2024-08-30 08:30:31', 2, 3, 4, 'A semester in Naples introduced me to the rich Italian traditions and festivity.'),
(33, 56, 26, '2024-07-09 17:59:56', 5, 5, 1, 'The Vaduz program was immersive and full of diverse learning opportunities.'),
(34, 56, 4, '2024-11-09 06:44:36', 4, 5, 4, 'The hospitality in Vaduz was unmatched, and I learned so much about Liechtenstein business.'),
(35, 30, 22, '2024-04-03 12:18:07', 4, 3, 5, 'Naples provided a unique insight into European liberal arts education.'),
(36, 23, 57, '2024-07-29 01:19:32', 3, 2, 4, 'Studying in Cologne allowed me to improve my German and learn about Germany\'s history.'),
(37, 32, 58, '2024-05-29 08:13:26', 3, 2, 5, 'Studying in Florence helped me improve my Italian language skills significantly.'),
(38, 50, 87, '2024-02-25 11:55:54', 2, 1, 5, 'Sarajevo\'s academic and social environment broadened my perspective.'),
(39, 21, 98, '2024-07-31 04:32:26', 3, 5, 3, 'The program in Frankfurt was challenging but extremely rewarding.'),
(40, 40, 13, '2024-05-02 08:03:37', 2, 2, 4, 'Tallinn\'s program offered the perfect blend of modern studies and historical insights.'),
(41, 28, 38, '2024-02-29 01:38:40', 2, 5, 2, 'Exploring wildlife conservation in Lyon was eye-opening.'),
(42, 49, 78, '2024-03-10 08:25:54', 2, 2, 5, 'The program in Belgrade was a life-changing experience. I learned so much about the culture!')
(43, 33, 4, '2024-03-30 00:03:12', 2, 3, 1, 'Studying in Venice allowed me to improve my Italian and learn about Italy\'s history.'),
(44, 6, 87, '2024-09-08 11:49:18', 4, 4, 2, 'My study in Berlin was a fascinating blend of academics and local culture.'),
(45, 26, 6, '2023-12-04 22:24:25', 2, 1, 1, 'Bordeaux\'s educational approach is innovative and engaging, with amazing weekend trips.'),
(46, 28, 3, '2024-10-11 08:10:57', 2, 5, 2, 'Lyon\'s program on international relations is top-notch.'),
(47, 33, 51, '2023-12-22 14:26:52', 5, 3, 5, 'Studying psychology in Venice offered diverse perspectives and methodologies.'),
(48, 20, 80, '2024-03-30 03:42:44', 4, 2, 5, 'Studying in Stuttgart allowed me to improve my German and learn about Germany\'s history.'),
(49, 56, 82, '2024-11-15 11:19:13', 2, 3, 2, 'The program in Vaduz was challenging but extremely rewarding.'),
(50, 1, 43, '2024-01-21 05:54:02', 1, 3, 2, 'I had the best time of my life studying marine biology in Vienna.'),
(51, 30, 91, '2024-09-30 06:21:45', 2, 4, 1, 'Naples\'s vibrant culture made my study abroad experience unforgettable.'),
(52, 24, 73, '2024-07-13 09:02:04', 5, 2, 3, 'The Düsseldorf program was immersive and full of diverse learning opportunities.'),
(53, 27, 68, '2024-06-06 01:43:22', 3, 4, 2, 'Studying in Nice allowed me to improve my French and learn about France\'s history.'),
(54, 50, 14, '2024-03-14 11:31:07', 3, 1, 5, 'Studying in Belgrade was an eye-opening experience in wildlife conservation.'),
(55, 41, 56, '2024-02-18 08:52:34', 2, 4, 5, 'Exploring wildlife conservation in Vilnius was eye-opening.'),
(56, 12, 84, '2024-01-16 18:28:15', 4, 3, 2, 'Warsaw\'s program offered the perfect blend of modern studies and historical insights.'),
(57, 50, 77, '2024-11-01 12:06:39', 2, 5, 1, 'The program in Sarajevo was a life-changing experience. I learned so much about art and culture!'),
(58, 42, 24, '2024-07-18 02:03:53', 4, 2, 3, 'Studying psychology in Riga offered diverse perspectives and methodologies.'),
(59, 47, 82, '2024-05-01 01:27:22', 5, 3, 1, 'The program in Ljubljana was a life-changing experience. I learned so much about art and culture!'),
(60, 25, 33, '2024-04-23 10:39:58', 1, 3, 5, 'I had the best time of my life studying marine biology in Leipzig.'),
(61, 52, 25, '2024-09-27 04:42:08', 3, 2, 3, 'Tirana\'s program on international relations is top-notch.'),
(62, 31, 51, '2024-08-13 01:51:02', 5, 4, 2, 'The Milan program was immersive and full of diverse learning opportunities.'),
(63, 14, 42, '2024-10-14 08:50:26', 4, 5, 1, 'The program in Madrid was a life-changing experience. I learned so much about art and culture!'),
(64, 43, 95, '2024-09-11 06:22:31', 3, 2, 4, 'The program in Sofia was challenging but extremely rewarding.'),
(65, 29, 84, '2024-11-14 02:10:43', 4, 2, 5, 'Marseille\'s vibrant culture made my study abroad experience unforgettable.'),
(66, 24, 32, '2024-04-09 04:15:19', 3, 5, 4, 'The Düsseldorf architecture program was inspiring and very hands-on.'),
(67, 41, 23, '2024-11-10 11:57:46', 5, 5, 3, 'Vilnius\'s program on international relations is top-notch.'),
(68, 33, 50, '2024-06-24 10:36:39', 2, 3, 5, 'Studying in Venice allowed me to improve my Spanish and learn about Argentina\'s history.'),
(69, 52, 30, '2024-09-29 03:04:55', 5, 2, 4, 'The program in Tirana was a life-changing experience. I learned so much about art and culture!'),
(70, 25, 66, '2024-07-12 00:45:33', 3, 3, 4, 'Studying psychology in Leipzig offered diverse perspectives and methodologies.'),
(71, 44, 62, '2024-11-04 07:20:39', 5, 4, 2, 'The program in Bucharest was challenging but extremely rewarding.'),
(72, 10, 17, '2024-04-14 07:13:03', 4, 1, 3, 'Rome\'s program offered the perfect blend of modern studies and historical insights.'),
(73, 48, 38, '2024-08-19 13:41:22', 2, 5, 1, 'The program in Zagreb was a life-changing experience. I learned so much about art and culture!'),
(74, 13, 72, '2024-10-08 14:35:12', 3, 4, 3, 'Lisbon\'s educational approach is innovative and engaging, with amazing weekend trips.'),
(75, 40, 55, '2024-07-17 16:57:42', 3, 1, 4, 'Tallinn\'s program on international relations is top-notch.'),
(76, 31, 85, '2024-02-12 02:04:55', 2, 3, 5, 'The hospitality in Milan was unmatched, and I learned so much about Italian business.'),
(77, 20, 14, '2024-03-24 16:56:38', 3, 2, 3, 'The program in Stuttgart was challenging but extremely rewarding.'),
(78, 12, 13, '2024-10-29 07:24:31', 4, 4, 1, 'My study in Warsaw was a fascinating blend of academics and local culture.'),
(79, 12, 64, '2024-05-09 18:31:02', 3, 3, 2, 'Studying in Warsaw allowed me to improve my Polish and learn about Poland\'s history.'),
(80, 30, 22, '2024-08-24 12:48:10', 2, 4, 3, 'The program in Naples was a life-changing experience. I learned so much about art and culture!'),
(81, 33, 16, '2024-03-03 02:16:09', 1, 2, 5, 'Studying psychology in Venice offered diverse perspectives and methodologies.'),
(82, 39, 41, '2024-06-11 11:21:42', 5, 4, 2, 'The program in Reykjavík was challenging but extremely rewarding.'),
(83, 33, 60, '2024-04-05 07:37:51', 3, 1, 4, 'The Venice architecture program was inspiring and very hands-on.'),
(84, 27, 29, '2024-11-05 19:50:22', 5, 5, 2, 'Nice\'s program on international relations is top-notch.'),
(85, 31, 79, '2024-09-03 00:55:31', 2, 3, 1, 'The Milan program was immersive and full of diverse learning opportunities.'),
(86, 56, 11, '2024-07-07 02:40:16', 4, 3, 2, 'Studying in Vaduz allowed me to improve my Spanish and learn about Argentina\'s history.'),
(87, 14, 78, '2024-06-22 09:56:18', 3, 5, 1, 'Studying psychology in Madrid offered diverse perspectives and methodologies.'),
(88, 12, 48, '2024-04-02 10:21:12', 2, 1, 5, 'Studying in Warsaw was an eye-opening experience in wildlife conservation.'),
(89, 44, 19, '2024-09-26 08:47:39', 3, 3, 5, 'The program in Bucharest was a life-changing experience. I learned so much about art and culture!'),
(90, 13, 40, '2024-01-25 01:19:57', 4, 5, 3, 'The hospitality in Lisbon was unmatched, and I learned so much about Portugese business.'),
(91, 26, 11, '2024-03-20 09:35:41', 5, 3, 5, 'Bordeaux\'s program on international relations is top-notch.'),
(92, 41, 9, '2024-08-20 05:47:25', 2, 1, 4, 'Studying psychology in Vilnius offered diverse perspectives and methodologies.'),
(93, 38, 54, '2024-04-10 14:06:01', 3, 5, 2, 'Studying marine biology in Luxembourg City was one of the best experiences of my life.'),
(94, 28, 92, '2024-07-19 02:51:16', 4, 2, 5, 'The program in Lyon was a life-changing experience. I learned so much about art and culture!'),
(95, 49, 34, '2024-06-28 07:03:09', 1, 4, 3, 'Studying in Belgrade was a fascinating blend of academics and local culture.'),
(96, 18, 72, '2024-09-17 06:26:44', 2, 5, 1, 'The Barcelona architecture program was inspiring and very hands-on.'),
(97, 7, 68, '2024-11-25 13:21:37', 5, 2, 4, 'The program in Athens was challenging but extremely rewarding.'),
(98, 3, 91, '2024-06-10 16:47:53', 3, 2, 3, 'The program in Copenhagen was challenging but extremely rewarding.'),
(99, 4, 87, '2024-04-08 11:14:30', 4, 1, 2, 'Helsinki\'s program offered the perfect blend of modern studies and historical insights.'),
(100, 11, 55, '2024-02-21 17:40:31', 5, 3, 5, 'Studying psychology in Oslo offered diverse perspectives and methodologies.');

# inserts for Alerts
INSERT INTO Alerts (alertID, locationID, message, datePosted)
VALUES
(1, 51, 'Water supply interruption scheduled for tomorrow between 9 AM and 4 PM.', '2024-05-04 01:22:10'),
(2, 42, 'Flash flood warning in effect. Avoid low-lying areas and seek higher ground.', '2024-09-28 00:58:59'),
(3, 39, 'Transportation strike announced. Expect disruptions in public transit services.', '2024-08-07 18:26:35'),
(4, 35, 'Lightning warning issued. Stay indoors and avoid open fields or elevated places.', '2024-07-19 01:25:56'),
(5, 21, 'Reminder: Curfew in place from 11 PM to 5 AM for safety reasons.', '2024-06-27 04:47:44'),
(6, 6, 'Cultural event postponed due to organizer issues. New date to be announced soon.', '2024-03-29 18:30:26'),
(7, 17, 'Sudden drop in temperature expected tonight. Dress warmly and take precautions for icy roads.', '2023-12-31 06:05:33'),
(8, 9, 'Typhoon warning: Stock up on essentials and stay updated on weather conditions.', '2024-03-06 07:23:30'),
(9, 9, 'Sudden drop in temperature expected tonight. Dress warmly and take precautions for icy roads.', '2024-01-19 03:21:08'),
(10, 20, 'Sudden drop in temperature expected tonight. Dress warmly and take precautions for icy roads.', '2024-01-18 06:28:30'),
(11, 56, 'Extreme heat alert issued. Cooling centers available at designated locations.', '2024-03-25 07:58:39'),
(12, 33, 'Sudden drop in temperature expected tonight. Dress warmly and take precautions for icy roads.', '2024-11-01 18:18:34'),
(13, 3, 'Concert in the park cancelled due to unexpected weather conditions.', '2023-12-14 18:14:30'),
(14, 23, 'Concert in the park cancelled due to unexpected weather conditions.', '2024-07-18 06:05:14'),
(15, 39, 'Transportation strike announced. Expect disruptions in public transit services.', '2024-10-04 14:29:30'),
(16, 39, 'Security incident reported in the vicinity. Avoid the area and follow local guidance.', '2024-07-24 12:38:42'),
(17, 52, 'Classes moved online due to power outage. Check your email for further instructions.', '2024-06-01 07:23:51'),
(18, 40, 'Online scam alert: Be wary of unsolicited emails asking for personal information.', '2024-07-25 06:43:10'),
(19, 31, 'Protest march expected downtown. Plan your travel accordingly and avoid affected roads.', '2024-08-02 11:59:43'),
(20, 40, 'Fire drill scheduled for 3 PM today. Proceed to the nearest exit when alarm sounds.', '2024-09-24 21:23:03'),
(21, 41, 'Air quality alert: High levels of pollution expected. Limit outdoor activities.', '2024-08-01 09:47:45'),
(22, 50, 'Water supply interruption scheduled for tomorrow between 9 AM and 4 PM.', '2024-09-15 13:43:16'),
(23, 41, 'Concert in the park cancelled due to unexpected weather conditions.', '2024-07-09 07:07:52'),
(24, 37, 'Sudden drop in temperature expected tonight. Dress warmly and take precautions for icy roads.', '2024-05-08 04:09:08'),
(25, 27, 'Sudden drop in temperature expected tonight. Dress warmly and take precautions for icy roads.', '2024-06-09 19:03:36'),
(26, 60, 'Reminder: Curfew in place from 11 PM to 5 AM for safety reasons.', '2024-11-23 18:28:09'),
(27, 18, 'Classes moved online due to power outage. Check your email for further instructions.', '2024-03-12 20:44:01'),
(28, 37, 'Heatwave expected over the next few days. Stay hydrated and avoid excessive outdoor activities.', '2024-07-09 07:51:56'),
(29, 20, 'Transportation strike announced. Expect disruptions in public transit services.', '2024-03-24 16:08:11'),
(30, 43, 'Reminder: Curfew in place from 11 PM to 5 AM for safety reasons.', '2024-08-11 14:14:48'),
(31, 29, 'Typhoon warning: Stock up on essentials and stay updated on weather conditions.', '2024-05-19 09:48:39'),
(32, 58, 'Reminder: Curfew in place from 11 PM to 5 AM for safety reasons.', '2024-11-11 14:42:52'),
(33, 46, 'Extreme heat alert issued. Cooling centers available at designated locations.', '2024-08-29 21:49:25'),
(34, 10, 'Classes moved online due to power outage. Check your email for further instructions.', '2024-01-23 01:25:15'),
(35, 25, 'Typhoon warning: Stock up on essentials and stay updated on weather conditions.', '2024-04-26 03:23:21'),
(36, 12, 'Typhoon warning: Stock up on essentials and stay updated on weather conditions.', '2024-02-02 21:15:32'),
(37, 35, 'Reminder: Curfew in place from 11 PM to 5 AM for safety reasons.', '2024-06-23 08:00:32'),
(38, 56, 'Protest march expected downtown. Plan your travel accordingly and avoid affected roads.', '2024-11-02 23:09:46'),
(39, 37, 'Protest march expected downtown. Plan your travel accordingly and avoid affected roads.', '2024-07-04 10:40:28'),
(40, 40, 'Classes moved online due to power outage. Check your email for further instructions.', '2024-07-24 08:58:46'),
(41, 40, 'Fire drill scheduled for 3 PM today. Proceed to the nearest exit when alarm sounds.', '2024-07-22 18:33:22'),
(42, 23, 'Fire drill scheduled for 3 PM today. Proceed to the nearest exit when alarm sounds.', '2024-04-12 10:52:50'),
(43, 29, 'Typhoon warning: Stock up on essentials and stay updated on weather conditions.', '2024-05-17 16:01:08'),
(44, 13, 'Typhoon warning: Stock up on essentials and stay updated on weather conditions.', '2024-02-08 17:23:27'),
(45, 18, 'Security incident reported in the vicinity. Avoid the area and follow local guidance.', '2024-02-14 04:29:18'),
(46, 20, 'Fire drill scheduled for 3 PM today. Proceed to the nearest exit when alarm sounds.', '2024-03-15 12:07:13'),
(47, 22, 'All classes cancelled due to heavy snowfall. Stay safe and warm.', '2024-03-26 20:17:59'),
(48, 31, 'Protest march expected downtown. Plan your travel accordingly and avoid affected roads.', '2024-04-04 23:16:22'),
(49, 27, 'Reminder: Curfew in place from 11 PM to 5 AM for safety reasons.', '2024-05-28 20:34:55'),
(50, 24, 'Water supply interruption scheduled for tomorrow between 9 AM and 4 PM.', '2024-05-07 17:35:27'),
(51, 24, 'Online scam alert: Be wary of unsolicited emails asking for personal information.', '2024-04-09 14:18:26'),
(52, 49, 'Lightning warning issued. Stay indoors and avoid open fields or elevated places.', '2024-04-20 14:51:35'),
(53, 28, 'Protest march expected downtown. Plan your travel accordingly and avoid affected roads.', '2024-04-16 21:27:17'),
(54, 31, 'Extreme heat alert issued. Cooling centers available at designated locations.', '2024-09-19 17:28:23'),
(55, 32, 'Protest march expected downtown. Plan your travel accordingly and avoid affected roads.', '2024-05-11 03:58:23'),
(56, 47, 'Fire drill scheduled for 3 PM today. Proceed to the nearest exit when alarm sounds.', '2024-06-03 10:23:24'),
(57, 12, 'Online scam alert: Be wary of unsolicited emails asking for personal information.', '2024-06-07 08:20:03'),
(58, 47, 'Security incident reported in the vicinity. Avoid the area and follow local guidance.', '2024-04-09 19:22:50'),
(59, 29, 'Reminder: Curfew in place from 11 PM to 5 AM for safety reasons.', '2024-09-03 22:52:27'),
(60, 36, 'Typhoon warning: Stock up on essentials and stay updated on weather conditions.', '2024-09-27 16:43:38'),
(61, 11, 'Air quality alert: High levels of pollution expected. Limit outdoor activities.', '2024-02-05 11:03:01'),
(62, 11, 'Extreme heat alert issued. Cooling centers available at designated locations.', '2024-09-06 20:39:04'),
(63, 31, 'All classes cancelled due to heavy snowfall. Stay safe and warm.', '2024-05-17 19:38:07'),
(64, 21, 'Cultural event postponed due to organizer issues. New date to be announced soon.', '2024-06-30 19:53:24'),
(65, 18, 'Protest march expected downtown. Plan your travel accordingly and avoid affected roads.', '2024-01-28 20:57:24'),
(66, 15, 'Fire drill scheduled for 3 PM today. Proceed to the nearest exit when alarm sounds.', '2024-02-01 06:30:17'),
(67, 32, 'Fire drill scheduled for 3 PM today. Proceed to the nearest exit when alarm sounds.', '2024-05-31 13:28:14'),
(68, 43, 'Air quality alert: High levels of pollution expected. Limit outdoor activities.', '2024-04-03 05:43:29'),
(69, 11, 'Flash flood warning in effect. Avoid low-lying areas and seek higher ground.', '2024-03-11 09:38:56'),
(70, 8, 'Extreme heat alert issued. Cooling centers available at designated locations.', '2024-02-22 15:29:32'),
(71, 46, 'Classes moved online due to power outage. Check your email for further instructions.', '2024-06-08 19:43:39'),
(72, 23, 'Extreme heat alert issued. Cooling centers available at designated locations.', '2024-08-13 06:16:26'),
(73, 34, 'Security incident reported in the vicinity. Avoid the area and follow local guidance.', '2024-01-12 20:11:23'),
(74, 58, 'Water supply interruption scheduled for tomorrow between 9 AM and 4 PM.', '2024-08-31 23:20:06'),
(75, 54, 'Heatwave expected over the next few days. Stay hydrated and avoid excessive outdoor activities.', '2024-04-13 13:49:47'),
(76, 56, 'Transportation strike announced. Expect disruptions in public transit services.', '2024-06-18 15:22:24'),
(77, 46, 'Classes moved online due to power outage. Check your email for further instructions.', '2024-11-12 07:55:13'),
(78, 50, 'Concert in the park cancelled due to unexpected weather conditions.', '2024-01-21 08:55:13'),
(79, 33, 'All classes cancelled due to heavy snowfall. Stay safe and warm.', '2024-10-19 17:09:18'),
(80, 47, 'Typhoon warning: Stock up on essentials and stay updated on weather conditions.', '2024-10-30 09:57:35'),
(81, 11, 'All classes cancelled due to heavy snowfall. Stay safe and warm.', '2024-08-28 20:16:22'),
(82, 54, 'Concert in the park cancelled due to unexpected weather conditions.', '2024-09-25 21:58:09'),
(83, 58, 'Fire drill scheduled for 3 PM today. Proceed to the nearest exit when alarm sounds.', '2024-06-14 23:19:49'),
(84, 44, 'Reminder: Curfew in place from 11 PM to 5 AM for safety reasons.', '2024-09-04 02:14:00'),
(85, 23, 'Fire drill scheduled for 3 PM today. Proceed to the nearest exit when alarm sounds.', '2024-11-21 08:53:41'),
(86, 32, 'Online scam alert: Be wary of unsolicited emails asking for personal information.', '2024-02-01 20:46:59'),
(87, 25, 'Flash flood warning in effect. Avoid low-lying areas and seek higher ground.', '2024-10-19 22:26:32'),
(88, 50, 'Security incident reported in the vicinity. Avoid the area and follow local guidance.', '2024-11-13 05:27:22'),
(89, 8, 'Heatwave expected over the next few days. Stay hydrated and avoid excessive outdoor activities.', '2024-08-16 02:45:29'),
(90, 53, 'Extreme heat alert issued. Cooling centers available at designated locations.', '2024-04-10 19:39:42'),
(91, 59, 'Air quality alert: High levels of pollution expected. Limit outdoor activities.', '2024-06-06 13:23:24'),
(92, 47, 'Air quality alert: High levels of pollution expected. Limit outdoor activities.', '2024-04-25 11:49:38'),
(93, 10, 'Concert in the park cancelled due to unexpected weather conditions.', '2024-09-24 16:03:36'),
(94, 10, 'Typhoon warning: Stock up on essentials and stay updated on weather conditions.', '2024-01-11 08:38:38'),
(95, 25, 'Protest march expected downtown. Plan your travel accordingly and avoid affected roads.', '2024-10-14 20:52:46'),
(96, 16, 'Protest march expected downtown. Plan your travel accordingly and avoid affected roads.', '2024-11-21 04:29:49'),
(97, 42, 'Safety alert: Increase in petty theft incidents. Be cautious of your belongings.', '2024-09-06 20:20:25'),
(98, 50, 'Typhoon warning: Stock up on essentials and stay updated on weather conditions.', '2024-01-26 12:35:56'),
(99, 28, 'Safety alert: Increase in petty theft incidents. Be cautious of your belongings.', '2024-10-15 21:56:48'),
(100, 50, 'Classes moved online due to power outage. Check your email for further instructions.', '2024-01-25 02:52:14');
