USE lisaa_sql;


# dump data for Location
INSERT INTO Location (locationID, city, country, description) VALUES
(1, 'Vienna', 'Austria', 'The capital city known for its cultural events, imperial sites, and coffee houses.'),
(2, 'Brussels', 'Belgium', 'The heart of the European Union and famous for its chocolates and beers.'),
(3, 'Copenhagen', 'Denmark', 'A charming capital with a historic center, modern architecture, and culinary scene.'),
(4, 'Helsinki', 'Finland', 'A vibrant seaside city with unique architecture and design.'),
(5, 'Paris', 'France', 'The city of love and the Eiffel Tower, known for its art, fashion, and gastronomy.'),
(6, 'Berlin', 'Germany', 'A city rich in history with modern architecture and vibrant arts scene.'),
(7, 'Athens', 'Greece', 'The cradle of Western civilization, known for its ancient monuments.'),
(8, 'Dublin', 'Ireland', 'The capital city known for its cultural heritage and vibrant nightlife.'),
(9, 'Rome', 'Italy', 'The Eternal City, renowned for its ancient history and architecture.'),
(10, 'Amsterdam', 'Netherlands', 'A city with scenic canals, artistic heritage, and vibrant cycling culture.'),
(11, 'Oslo', 'Norway', 'A modern city in the midst of stunning natural beauty.'),
(12, 'Warsaw', 'Poland', 'A city that blends a rich history with a contemporary urban cultural scene.'),
(13, 'Lisbon', 'Portugal', 'A hilly coastal city with a rich maritime history and a vibrant cultural scene.'),
(14, 'Madrid', 'Spain', 'The bustling capital known for its cultural festivals, art museums, and tapas.'),
(15, 'Stockholm', 'Sweden', 'A city spread across 14 islands with a rich history and vibrant urban life.'),
(16, 'Bern', 'Switzerland', 'The de facto capital known for its medieval architecture and charm.'),
(17, 'London', 'United Kingdom', 'A world-leading global city known for its history, arts, and multicultural landscape.'),
(18, 'Barcelona', 'Spain', 'Known for its unique architecture, vibrant nightlife, and stunning beaches.'),
(19, 'Munich', 'Germany', 'Famous for its Oktoberfest, beer gardens, and cultural heritage.'),
(20, 'Stuttgart', 'Germany', 'A city surrounded by vineyards, famous for automotive industry giants.'),
(21, 'Frankfurt', 'Germany', 'A leading financial hub with a skyline filled with skyscrapers.'),
(22, 'Hamburg', 'Germany', 'A harbor city known for its maritime culture and musical heritage.'),
(23, 'Cologne', 'Germany', 'Known for its impressive cathedral and vibrant media and tourism industries.'),
(24, 'Düsseldorf', 'Germany', 'Recognized for its fashion industry and art scene.'),
(25, 'Leipzig', 'Germany', 'Celebrated for its music, art, and its role in history as a trade city.'),
(26, 'Bordeaux', 'France', 'World-famous for its wine and stunning 18th-century architecture.'),
(27, 'Nice', 'France', 'Known for its beautiful Mediterranean beaches and vibrant cultural life.'),
(28, 'Lyon', 'France', 'Known for its historical and architectural landmarks and gastronomy.'),
(29, 'Marseille', 'France', 'A port city with a rich maritime history and multicultural vibe.'),
(30, 'Naples', 'Italy', 'Renowned for its rich history, art, gastronomy, and the nearby Amalfi Coast.');


# dump data for abroadProgram 
INSERT INTO abroadProgram (programID, programName, prgmDescription, locationID, programType, empID) VALUES
(1, 'Vienna', 'Experience innovation in Vienna with a focus on startups, venture capital, and entrepreneurship.', 1, 'Dialogue of Civilizations', 1),
(2, 'Brussels', 'Immerse yourself in the healthcare system of Brussels, with practical sessions in public health and medical ethics.', 2, 'Semester.in', 2),
(3, 'Copenhagen', 'Investigate the advancements in AI and robotics in Copenhagen, alongside industry leaders and academic mentors.', 3, 'Traditional Study Abroad', 3),
(4, 'Helsinki', 'Analyze the economic landscape of Helsinki while studying international economics and development.', 4, 'Traditional Study Abroad', 4),
(5, 'Paris', 'Live and learn in Paris while exploring central and Western European studies through a historical lens.', 5, 'Semester.in', 5),
(6, 'Berlin', 'Experience the unique blend of tradition and modernity in Berlin with courses in history, culture, and politics.', 6, 'Traditional Study Abroad', 6),
(7, 'Athens', 'Study marine biology in the coastal city of Athens and engage with local conservation projects.', 7, 'Dialogue of Civilizations', 7),
(8, 'Dublin', 'Study the art and architecture of Dublin while taking courses in design thinking and innovation.', 8, 'NU.in', 8),
(9, 'Rome', 'Witness the urban evolution of Rome and study urban planning, real estate, and architecture.', 9, 'Dialogue of Civilizations', 9),
(10, 'Amsterdam', 'Participate in our intensive studies program in Amsterdam, focusing on history, politics, and contemporary culture.', 10, 'Traditional Study Abroad', 10),
(11, 'Oslo', 'Analyze the economic landscape of Oslo while studying international economics and development.', 11, 'Traditional Study Abroad', 11),
(12, 'Warsaw', 'Engage with the community development efforts in Warsaw while studying sociology and humanitarian action.', 12, 'Dialogue of Civilizations', 12),
(13, 'Lisbon', 'Experience the vibrant city life of Lisbon and study Portugese language and culture through hands-on projects.', 13, 'NU.in', 13),
(14, 'Madrid', 'Witness the urban evolution of Madrid and study urban planning, real estate, and architecture.', 14, 'Dialogue of Civilizations', 14),
(15, 'Stockholm', 'Immerse yourself in the healthcare system of Stockholm, with practical sessions in public health and medical ethics.', 15, 'Dialogue of Civilizations', 15),
(16, 'Bern', 'Participate in wildlife conservation efforts in Bern, focusing on ecosystem management and biology studies.', 16, 'Traditional Study Abroad', 16),
(17, 'London', 'Experience innovation in London with a focus on startups, venture capital, and entrepreneurship.', 17, 'Traditional Study Abroad', 17),
(18, 'Barcelona', 'Discover the ancient history of Barcelona while participating in archaeological digs and classical studies.', 18, 'NU.in', 18),
(19, 'Munich', 'Dive into the history and business environment of Munich with a focus on international finance and management practices.', 19, 'NU.in', 19),
(20, 'Stuttgart', 'Engage with the community development efforts in Stuttgart while studying sociology and humanitarian action.', 20, 'Dialogue of Civilizations', 20),
(21, 'Frankfurt', 'Participate in a comprehensive language and culture program in Frankfurt, offering insights into Vietnam''s rapid growth.', 21, 'Traditional Study Abroad', 21),
(22, 'Hamburg', 'Experience Hamburg through the lens of political science and economics, understanding the Latin American context.', 22, 'Semester.in', 22),
(23, 'Cologne', 'Participate in wildlife conservation efforts in Cologne, focusing on ecosystem management and biology studies.', 23, 'Dialogue of Civilizations', 23),
(24, 'Düsseldorf', 'Experience innovation in Düsseldorf with a focus on startups, venture capital, and entrepreneurship.', 24, 'Dialogue of Civilizations', 24),
(25, 'Leipzig', 'Study fashion and culture in the bustling city of Leipzig, a global hub for design and creativity.', 25, 'Traditional Study Abroad', 25),
(26, 'Bordeaux', 'Participate in Bordeaux''s economic growth story with a focus on entrepreneurship and international business.', 26, 'Semester.in', 26),
(27, 'Nice', 'Explore Nice''s approach to sustainability with courses in renewable energy and environmental management.', 27, 'Traditional Study Abroad', 27),
(28, 'Lyon', 'Dive into the rich cultural scene of Lyon with courses in music, history, and the arts.', 28, 'NU.in', 28),
(29, 'Marseille', 'Study fashion and culture in the bustling city of Marseille, a global hub for design and creativity.', 29, 'Dialogue of Civilizations', 29),
(30, 'Naples', 'Experience the unique blend of tradition and modernity in Naples with courses in history, culture, and politics.', 30, 'Traditional Study Abroad', 30);


# for ratings

INSERT INTO Rating (ratingID, programID, sID, datePosted, locRating, profRating, atmosphereRating, comment) VALUES
(1, 45, 66, '2024-04-28 09:54:03', 3, 1, 3, 'Warsaw\'s program offered the perfect blend of modern studies and historical insights.'),
(2, 31, 24, '2024-11-12 01:26:58', 1, 4, 4, 'I had the best time of my life studying marine biology in Milan.'),
(3, 25, 76, '2023-12-04 14:41:14', 3, 3, 5, 'The Leipzig program was immersive and full of diverse learning opportunities.'),
(4, 49, 25, '2024-02-23 06:30:09', 1, 5, 3, 'I had the best time of my life studying marine biology in Zagreb.'),
(5, 23, 63, '2023-12-22 03:55:57', 3, 4, 2, 'Studying in Cologne allowed me to improve my German and learn about Germany\'s history.'),
(6, 14, 83, '2024-01-26 03:45:28', 2, 5, 2, 'Madrid\'s program offered the perfect blend of modern studies and historical insights.'),
(7, 6, 80, '2024-11-22 02:35:38', 1, 2, 3, 'Berlin\'s program offered the perfect blend of modern studies and historical insights.'),
(8, 23, 14, '2024-05-10 03:13:37', 2, 2, 3, 'Cologne\'s program combined education with the joy of German festivals.'),
(9, 56, 61, '2024-02-15 15:34:48', 1, 1, 2, 'A semester in Vaduz introduced me to the rich Liechtenstein traditions and festivity.'),
(10, 43, 76, '2024-02-07 03:56:47', 5, 5, 1, 'Sofia\'s academic and social environment broadened my perspective.'),
(11, 35, 67, '2024-06-03 05:39:13', 3, 2, 1, 'Prague provided a unique insight into European liberal arts education.'),
(12, 50, 13, '2024-02-16 09:39:48', 1, 1, 2, 'Sarajevo\'s vibrant culture made my study abroad experience unforgettable.'),
(13, 46, 94, '2024-10-22 06:46:25', 5, 5, 1, 'The Bratislava architecture program was inspiring and very hands-on.'),
(14, 14, 72, '2024-05-12 20:21:38', 4, 2, 4, 'The Madrid architecture program was inspiring and very hands-on.'),
(15, 30, 74, '2023-12-15 02:10:27', 2, 4, 2, 'The hospitality in Naples was unmatched, and I learned so much about Italian business.'),
(16, 48, 70, '2024-10-07 02:39:52', 1, 4, 2, 'Exploring wildlife conservation in Zagreb was eye-opening.'),
(17, 5, 71, '2024-09-10 15:26:51', 5, 2, 5, 'Exploring wildlife conservation in Paris was eye-opening.'),
(18, 29, 17, '2024-01-24 07:44:48', 2, 2, 5, 'Marseille\'s educational approach is innovative and engaging, with amazing weekend trips.'),
(19, 46, 95, '2024-08-28 09:55:24', 2, 1, 3, 'Bratislava\'s academic and social environment broadened my perspective.'),
(20, 20, 42, '2024-07-03 02:28:03', 3, 5, 5, 'The program in Stuttgart was challenging but extremely rewarding.'),
(21, 48, 79, '2024-07-20 18:32:55', 2, 3, 1, 'Studying in Zagreb helped me improve my Croatia language skills significantly.'),
(22, 44, 60, '2024-07-24 23:39:01', 1, 5, 3, 'Bucharest\'s program on international relations is top-notch.'),
(23, 47, 93, '2024-09-19 21:48:26', 2, 2, 3, 'Ljubljana\'s program on international relations is top-notch.'),
(24, 33, 75, '2024-09-24 09:25:13', 3, 2, 4, 'Florence\'s program combined education with the joy of Brazilian festivals.'),
(25, 53, 30, '2024-04-27 14:48:57', 3, 1, 4, 'The program in Tirana was a life-changing experience. I learned so much about art and culture!'),
(26, 55, 30, '2024-05-15 19:17:47', 4, 1, 3, 'Studying in Pristina helped me improve my language skills significantly.'),
(27, 9, 60, '2024-07-26 10:02:02', 5, 2, 1, 'Dublin\'s academic and social environment broadened my perspective.'),
(28, 27, 79, '2024-10-22 18:55:46', 5, 3, 2, 'Nice\'s vibrant culture made my study abroad experience unforgettable.'),
(29, 8, 12, '2024-01-18 15:16:24', 3, 2, 5, 'My study in Dublin was a fascinating blend of academics and local culture.'),
(30, 25, 94, '2024-09-16 00:17:32', 2, 5, 5, 'The hospitality in Leipzig was unmatched, and I learned so much about German business.');

# inserts for Alerts
INSERT INTO Alerts (alertID, locationID, message, datePosted)
VALUES
(1, 51, 'Water supply interruption scheduled for tomorrow between 9 AM and 4 PM.', '2024-05-04 01:22:10'),
(2, 42, 'Flash flood warning in effect. Avoid low-lying areas and seek higher ground.', '2024-09-28 00:58:59'),
(3, 39, 'Transportation strike announced. Expect disruptions in public transit services.', '2024-08-07 18:26:35'),
(4, 35, 'Lightning warning issued. Stay indoors and avoid open fields or elevated places.', '2024-07-19 01:25:56'),
(5, 21, 'Reminder: Curfew in place from 11 PM to 5 AM for safety reasons.', '2024-06-27 04:47:44'),
(6, 6, 'Cultural event postponed due to organizer issues. New date to be announced soon.', '2024-03-29 18:30:26'),
(7, 17, 'Sudden drop in temperature expected tonight. Dress warmly and take precautions for icy roads.', '2023-12-31 06:05:33'),
(8, 9, 'Typhoon warning: Stock up on essentials and stay updated on weather conditions.', '2024-03-06 07:23:30'),
(9, 9, 'Sudden drop in temperature expected tonight. Dress warmly and take precautions for icy roads.', '2024-01-19 03:21:08'),
(10, 20, 'Sudden drop in temperature expected tonight. Dress warmly and take precautions for icy roads.', '2024-01-18 06:28:30'),
(11, 56, 'Extreme heat alert issued. Cooling centers available at designated locations.', '2024-03-25 07:58:39'),
(12, 33, 'Sudden drop in temperature expected tonight. Dress warmly and take precautions for icy roads.', '2024-11-01 18:18:34'),
(13, 3, 'Concert in the park cancelled due to unexpected weather conditions.', '2023-12-14 18:14:30'),
(14, 23, 'Concert in the park cancelled due to unexpected weather conditions.', '2024-07-18 06:05:14'),
(15, 39, 'Transportation strike announced. Expect disruptions in public transit services.', '2024-10-04 14:29:30'),
(16, 39, 'Security incident reported in the vicinity. Avoid the area and follow local guidance.', '2024-07-24 12:38:42'),
(17, 52, 'Classes moved online due to power outage. Check your email for further instructions.', '2024-06-01 07:23:51'),
(18, 40, 'Online scam alert: Be wary of unsolicited emails asking for personal information.', '2024-07-25 06:43:10'),
(19, 31, 'Protest march expected downtown. Plan your travel accordingly and avoid affected roads.', '2024-08-02 11:59:43'),
(20, 40, 'Fire drill scheduled for 3 PM today. Proceed to the nearest exit when alarm sounds.', '2024-09-24 21:23:03'),
(21, 41, 'Air quality alert: High levels of pollution expected. Limit outdoor activities.', '2024-08-01 09:47:45'),
(22, 50, 'Water supply interruption scheduled for tomorrow between 9 AM and 4 PM.', '2024-09-15 13:43:16'),
(23, 41, 'Concert in the park cancelled due to unexpected weather conditions.', '2024-07-09 07:07:52'),
(24, 37, 'Sudden drop in temperature expected tonight. Dress warmly and take precautions for icy roads.', '2024-05-08 04:09:08'),
(25, 27, 'Sudden drop in temperature expected tonight. Dress warmly and take precautions for icy roads.', '2024-06-09 19:03:36'),
(26, 60, 'Reminder: Curfew in place from 11 PM to 5 AM for safety reasons.', '2024-11-23 18:28:09'),
(27, 18, 'Classes moved online due to power outage. Check your email for further instructions.', '2024-03-12 20:44:01'),
(28, 37, 'Heatwave expected over the next few days. Stay hydrated and avoid excessive outdoor activities.', '2024-07-09 07:51:56'),
(29, 20, 'Transportation strike announced. Expect disruptions in public transit services.', '2024-03-24 16:08:11'),
(30, 43, 'Reminder: Curfew in place from 11 PM to 5 AM for safety reasons.', '2024-08-11 14:14:48');

# inserts for Resources

INSERT INTO Resources (resourceID, locationID, category, lastUpdated)
VALUES
(1, 55, 'FAQs and Troubleshooting', '2024-09-12 18:38:19'),
(2, 32, 'Academic Information', '2024-07-06 20:13:14'),
(3, 57, 'Post-Study Abroad Resources', '2024-04-15 15:16:01'),
(4, 38, 'Travel and Exploration', '2024-03-15 17:30:38'),
(5, 30, 'Travel and Exploration', '2024-04-09 08:12:38'),
(6, 28, 'Cultural and Social Life', '2024-08-26 21:16:01'),
(7, 16, 'Local Information', '2023-12-30 02:45:31'),
(8, 24, 'Cultural and Social Life', '2024-02-26 14:34:52'),
(9, 30, 'Travel and Exploration', '2024-01-11 13:44:14'),
(10, 37, 'Technology and Communication', '2024-07-25 19:02:18'),
(11, 34, 'Health and Wellbeing', '2024-06-23 11:06:44'),
(12, 59, 'Pre-Departure Information', '2024-07-11 18:17:45'),
(13, 11, 'Health and Wellbeing', '2024-06-17 17:00:42'),
(14, 39, 'Student Services', '2024-03-24 12:51:56'),
(15, 58, 'Technology and Communication', '2024-07-24 05:29:27'),
(16, 28, 'Health and Wellbeing', '2024-01-16 18:58:02'),
(17, 32, 'Post-Study Abroad Resources', '2024-04-06 07:18:22'),
(18, 30, 'Financial Resources', '2024-07-26 08:45:26'),
(19, 56, 'Cultural and Social Life', '2024-02-23 18:19:52'),
(20, 47, 'Cultural and Social Life', '2024-06-14 11:50:40'),
(21, 13, 'Travel and Exploration', '2024-08-28 21:15:09'),
(22, 44, 'Health and Wellbeing', '2024-10-25 12:06:18'),
(23, 53, 'Cultural and Social Life', '2023-12-19 08:22:17'),
(24, 49, 'Technology and Communication', '2023-12-30 21:22:24'),
(25, 27, 'Technology and Communication', '2023-12-12 06:05:59'),
(26, 51, 'Travel and Exploration', '2024-08-31 21:42:26'),
(27, 17, 'Local Information', '2024-08-25 08:36:34'),
(28, 54, 'Travel and Exploration', '2024-01-30 02:44:18'),
(29, 53, 'Housing and Accommodation', '2024-01-16 13:09:29'),
(30, 42, 'Local Information', '2024-07-18 20:19:06');


# inserts for Courses
INSERT INTO Courses (courseID, courseName, courseDescription, programID, professorID) VALUES
(1, 'World History: Ancient to Medieval', 'Examine the major civilizations, events, and cultural developments from the ancient world to the medieval period.', 19, 1),
(2, 'Introduction to Literature', 'Analyze various literary forms, themes, and techniques, exploring works from diverse periods and cultures.', 52, 2),
(3, 'Introduction to Psychology', 'Explore the fundamentals of human behavior, thought processes, and emotions through scientific research and analysis.', 2, 3),
(4, 'Introduction to Psychology', 'Explore the fundamentals of human behavior, thought processes, and emotions through scientific research and analysis.', 20, 4),
(5, 'Calculus I', 'Study the concepts of limits, derivatives, and integrals, laying the foundation for advanced mathematical courses.', 50, 5),
(6, 'Principles of Economics', 'Learn the basics of micro and macroeconomic theory and analysis, focusing on how markets function and economies operate.', 37, 6),
(7, 'Physics I: Mechanics', 'Explore the basic principles of physics with a focus on motion, forces, and energy.', 15, 7),
(8, 'Psychology of Learning', 'Delve into the theories and applications of how humans learn and retain information.', 51, 8),
(9, 'Introduction to Sociology', 'Understand the social world and human behavior in a societal context, examining social institutions and relationships.', 43, 9),
(10, 'Introduction to Psychology', 'Explore the fundamentals of human behavior, thought processes, and emotions through scientific research and analysis.', 39, 10),
(11, 'Art History: Renaissance to Modern', 'Study significant movements in art from the Renaissance to modern times, understanding historical context and artistic techniques.', 17, 11),
(12, 'Introduction to Political Science', 'Explore the fundamentals of political systems, theories, and the role of government in society.', 18, 12),
(13, 'Human Anatomy and Physiology', 'Study the structure and function of the human body, covering the major systems and organs.', 41, 13),
(14, 'Biology 101', 'Discover the principles of biology, covering cell structure, functions, genetics, evolution, and ecology.', 7, 14),
(15, 'Introduction to Literature', 'Analyze various literary forms, themes, and techniques, exploring works from diverse periods and cultures.', 48, 15),
(16, 'General Chemistry', 'Learn the foundational principles of chemistry including atomic structure, chemical bonding, and reactions.', 18, 16),
(17, 'Introduction to Philosophy', 'Examine the central questions of existence, knowledge, and ethics from various philosophical perspectives.', 19, 17),
(18, 'World History: Ancient to Medieval', 'Examine the major civilizations, events, and cultural developments from the ancient world to the medieval period.', 4, 18),
(19, 'Calculus I', 'Study the concepts of limits, derivatives, and integrals, laying the foundation for advanced mathematical courses.', 13, 19),
(20, 'Business Administration Fundamentals', 'Understand the basic principles of business operations, management, and organizational structure.', 9, 20),
(21, 'Human Anatomy and Physiology', 'Study the structure and function of the human body, covering the major systems and organs.', 16, 21),
(22, 'Environmental Science', 'Understand the interaction between humans and the environment, focusing on ecological processes and sustainability.', 17, 22),
(23, 'Modern World Literature', 'Study literary works from the 20th and 21st centuries across various cultures, focusing on themes and narrative forms.', 12, 23),
(24, 'Introduction to Literature', 'Analyze various literary forms, themes, and techniques, exploring works from diverse periods and cultures.', 42, 24),
(25, 'Statistics', 'Learn the basic principles of statistical analysis, focusing on data interpretation and probability theory.', 32, 25),
(26, 'Principles of Economics', 'Learn the basics of micro and macroeconomic theory and analysis, focusing on how markets function and economies operate.', 51, 26),
(27, 'Art History: Renaissance to Modern', 'Study significant movements in art from the Renaissance to modern times, understanding historical context and artistic techniques.', 24, 27),
(28, 'Psychology of Learning', 'Delve into the theories and applications of how humans learn and retain information.', 19, 28),
(29, 'Physics I: Mechanics', 'Explore the basic principles of physics with a focus on motion, forces, and energy.', 40, 29),
(30, 'Calculus I', 'Study the concepts of limits, derivatives, and integrals, laying the foundation for advanced mathematical courses.', 3, 30);



# inserts for admin employee
INSERT INTO adminEmployee (empID, title, fName, lName, email, courseID) VALUES
(1, 'Software Engineer', 'Alaine', 'Hulles', 'alaine.hulles@yahoo.com', 18),
(2, 'Sales Executive', 'Berna', 'Kerr', 'berna.kerr@hotmail.com', 41),
(3, 'Manager', 'Waiter', 'Hargerie', 'waiter.hargerie@gmail.com', 20),
(4, 'Sales Executive', 'Wilfred', 'Crannage', 'wilfred.crannage@yahoo.com', 5),
(5, 'DevOps Engineer', 'Flossy', 'Hayter', 'flossy.hayter@gmail.com', 32),
(6, 'Product Owner', 'Leo', 'Foat', 'leo.foat@yahoo.com', 10),
(7, 'Product Owner', 'Shalne', 'Monkman', 'shalne.monkman@gmail.com', 22),
(8, 'Marketing Coordinator', 'Emery', 'Trundler', 'emery.trundler@me.com', 27),
(9, 'Customer Support', 'Valli', 'Hadaway', 'valli.hadaway@yahoo.com', 74),
(10, 'Marketing Coordinator', 'Kennett', 'Lappine', 'kennett.lappine@yahoo.com', 50),
(11, 'Customer Support', 'Staffard', 'Delooze', 'staffard.delooze@msn.com', 44),
(12, 'System Administrator', 'Kimberly', 'Vaune', 'kimberly.vaune@yahoo.com', 40),
(13, 'Quality Assurance', 'Sollie', 'McFadyen', 'sollie.mcfadyen@gmail.com', 5),
(14, 'UX Designer', 'Adrien', 'Ginie', 'adrien.ginie@yahoo.com', 20),
(15, 'Team Lead', 'Casi', 'Gommowe', 'casi.gommowe@sfr.fr', 5),
(16, 'Software Engineer', 'Emilia', 'Burborough', 'emilia.burborough@yahoo.com', 81),
(17, 'Quality Assurance', 'Lorrie', 'Leall', 'lorrie.leall@hotmail.com', 27),
(18, 'UX Designer', 'Forster', 'Larose', 'forster.larose@gmail.com', 93),
(19, 'HR Specialist', 'Easter', 'McLarens', 'easter.mclarens@zonnet.nl', 63),
(20, 'Product Owner', 'Buckie', 'Rowlstone', 'buckie.rowlstone@hotmail.com', 89),
(21, 'System Administrator', 'Eula', 'Casina', 'eula.casina@gmail.com', 87),
(22, 'HR Specialist', 'Harmon', 'Danser', 'harmon.danser@gmail.com', 46),
(23, 'Sales Executive', 'Berky', 'Yakunchikov', 'berky.yakunchikov@gmail.com', 95),
(24, 'Quality Assurance', 'Lara', 'Dawney', 'lara.dawney@gmail.com', 12),
(25, 'Sales Executive', 'Brenda', 'McAlroy', 'brenda.mcalroy@yahoo.com', 20),
(26, 'UX Designer', 'Lib', 'Bentick', 'lib.bentick@gmail.com', 17),
(27, 'Quality Assurance', 'Bryana', 'Beeswing', 'bryana.beeswing@gmail.com', 40),
(28, 'Product Owner', 'Guillermo', 'Ambrus', 'guillermo.ambrus@yahoo.com', 51),
(29, 'Product Owner', 'Dee', 'Feedham', 'dee.feedham@yahoo.com', 42),
(30, 'Software Engineer', 'Pattie', 'Conor', 'pattie.conor@hotmail.com', 1);


# inserts for employeeAbroadProgram bridge table 
INSERT INTO employeeAbroadProgram (programID, empID)
VALUES
(59, 60),
(36, 11),
(60, 12),
(38, 79),
(39, 88),
(7, 61),
(7, 71),
(48, 16),
(53, 99),
(31, 39),
(37, 89),
(43, 42),
(10, 31),
(60, 87),
(54, 57),
(25, 68),
(19, 64),
(14, 22),
(10, 63),
(53, 100),
(34, 83),
(41, 36),
(8, 64),
(38, 18),
(14, 85),
(36, 86),
(38, 65),
(60, 72),
(33, 86),
(50, 29),
(22, 52),
(39, 60),
(11, 80),
(51, 78),
(52, 86),
(39, 55),
(43, 17),
(52, 5),
(18, 80),
(31, 88),
(36, 18),
(48, 76),
(47, 44),
(52, 46),
(34, 35),
(56, 6),
(33, 59),
(23, 85),
(18, 23),
(3, 11),
(48, 59),
(53, 2),
(11, 4),
(21, 41),
(46, 91),
(39, 34),
(41, 2),
(13, 59),
(28, 53),
(33, 35),
(21, 45),
(4, 96),
(36, 80),
(51, 83),
(38, 67),
(14, 8),
(56, 91),
(7, 88),
(35, 95),
(1, 56),
(3, 96),
(25, 6),
(55, 98),
(1, 66),
(32, 66),
(60, 4),
(21, 14),
(27, 45),
(38, 69),
(58, 27),
(48, 3),
(50, 54),
(40, 54),
(47, 70),
(5, 48),
(55, 39),
(53, 23),
(36, 15),
(57, 87),
(34, 21),
(58, 41),
(4, 5),
(59, 7),
(55, 17),
(40, 38),
(40, 48),
(3, 83),
(18, 51),
(6, 97),
(19, 9);


# inserts for engagement analytics

INSERT INTO engagementAnalytics (featureID, empID, usageCount, date)
VALUES
(1, 18, 174, '2024-01-30 14:48:01'),
(2, 5, 46, '2023-12-14 16:56:09'),
(3, 37, 362, '2024-04-08 11:56:11'),
(4, 18, 175, '2024-01-31 01:37:57'),
(5, 40, 397, '2024-04-21 07:48:03'),
(6, 27, 262, '2024-03-02 20:20:11'),
(7, 50, 494, '2024-05-26 20:23:37'),
(8, 54, 533, '2024-06-10 06:03:51'),
(9, 61, 618, '2024-07-11 02:26:34'),
(10, 60, 606, '2024-07-06 18:25:53'),
(11, 55, 594, '2024-07-02 07:23:02'),
(12, 42, 543, '2024-06-13 19:44:31'),
(13, 50, 415, '2024-04-27 18:09:54'),
(14, 81, 490, '2024-05-25 08:27:23'),
(15, 22, 807, '2024-09-18 07:37:54'),
(16, 97, 210, '2024-02-12 20:59:41'),
(17, 28, 749, '2024-08-28 07:07:10'),
(18, 6, 966, '2024-11-15 12:03:39'),
(19, 64, 273, '2024-03-07 00:55:06'),
(20, 58, 50, '2023-12-16 10:22:56'),
(21, 65, 635, '2024-07-17 10:05:33'),
(22, 30, 570, '2024-06-23 15:58:10'),
(23, 21, 269, '2024-03-13 11:57:21'),
(24, 69, 644, '2024-10-29 03:57:07'),
(25, 81, 291, '2024-02-09 05:37:43'),
(26, 28, 918, '2024-08-02 23:31:10'),
(27, 60, 200, '2024-09-16 00:31:44'),
(28, 53, 680, '2024-03-07 21:17:13'),
(29, 40, 801, '2024-11-01 13:15:39'),
(30, 48, 276, '2024-07-02 00:21:32'),
(31, 85, 928, '2024-06-07 11:11:36'),
(32, 75, 593, '2024-04-21 05:30:04'),
(33, 57, 526, '2024-05-18 02:10:19'),
(34, 2, 397, '2024-09-30 09:35:36'),
(35, 22, 470, '2024-08-25 21:03:15'),
(36, 13, 840, '2024-06-21 08:10:51'),
(37, 49, 743, '2023-12-04 14:53:05'),
(38, 73, 229, '2023-12-01 12:22:16'),
(39, 50, 564, '2024-02-15 01:38:15'),
(40, 62, 689, '2024-01-12 08:40:07');


# inserts for professor 
INSERT INTO Professor (profID, fName, lName, department, email) VALUES
(1, 'Gallagher', 'Chalcroft', 'Engineering', 'gallagher.chalcroft@gmail.com'),
(2, 'Otha', 'Stoakes', 'Biology', 'otha.stoakes@yahoo.com'),
(3, 'Pearce', 'Fiddymont', 'History', 'pearce.fiddymont@yahoo.com'),
(4, 'Teador', 'Brim', 'History', 'teador.brim@gmail.com'),
(5, 'Diana', 'Greenroyd', 'Mathematics', 'diana.greenroyd@yahoo.com'),
(6, 'Ignacio', 'Mapplethorpe', 'Physics', 'ignacio.mapplethorpe@t-online.de'),
(7, 'Lonnard', 'Cristofolini', 'Computer Science', 'lonnard.cristofolini@yahoo.com'),
(8, 'Cecilio', 'Dowbekin', 'Political Science', 'cecilio.dowbekin@yahoo.fr'),
(9, 'Trisha', 'Bernot', 'Chemistry', 'trisha.bernot@hotmail.fr'),
(10, 'Ariana', 'Jobbins', 'Psychology', 'ariana.jobbins@yahoo.com.br'),
(11, 'Norton', 'Fahy', 'Mathematics', 'norton.fahy@yahoo.com'),
(12, 'Nanci', 'Snowling', 'Mathematics', 'nanci.snowling@yahoo.com'),
(13, 'Koren', 'Ramelot', 'History', 'koren.ramelot@yahoo.com'),
(14, 'Lester', 'Domnin', 'Art History', 'lester.domnin@hotmail.com'),
(15, 'Maridel', 'Pinke', 'Computer Science', 'maridel.pinke@gmail.com'),
(16, 'Margaretha', 'Worsfold', 'History', 'margaretha.worsfold@yahoo.com'),
(17, 'Timi', 'Scirman', 'Psychology', 'timi.scirman@yahoo.com'),
(18, 'Lucais', 'Schankelborg', 'Sociology', 'lucais.schankelborg@gmail.com'),
(19, 'Donnajean', 'Grumble', 'Art History', 'donnajean.grumble@wanadoo.fr'),
(20, 'Jonah', 'Westerman', 'Economics', 'jonah.westerman@gmail.com'),
(21, 'Judah', 'Elintune', 'Psychology', 'judah.elintune@gmail.com'),
(22, 'Ricard', 'Woolveridge', 'English', 'ricard.woolveridge@hotmail.com'),
(23, 'Briney', 'Marvelley', 'Architecture', 'briney.marvelley@yahoo.com'),
(24, 'Stanford', 'Ledster', 'Architecture', 'stanford.ledster@hotmail.com'),
(25, 'Normy', 'Davidowich', 'Architecture', 'normy.davidowich@live.com'),
(26, 'Addison', 'de Bullion', 'Biology', 'addison.debullion@yahoo.com'),
(27, 'Almeria', 'Goodridge', 'Sociology', 'almeria.goodridge@yahoo.es'),
(28, 'Cherrita', 'Alelsandrowicz', 'Chemistry', 'cherrita.alelsandrowicz@gmail.com'),
(29, 'Linc', 'Reynoollds', 'History', 'linc.reynoollds@gmail.com'),
(30, 'Averyl', 'Harmer', 'English', 'averyl.harmer@yahoo.com.br'),
(31, 'Janene', 'Bramhall', 'Mathematics', 'janene.bramhall@yahoo.fr'),
(32, 'Meggi', 'Ackrill', 'Economics', 'meggi.ackrill@yahoo.de'),
(33, 'Christos', 'Immins', 'Computer Science', 'christos.immins@hotmail.com'),
(34, 'Elias', 'Lepoidevin', 'Economics', 'elias.lepoidevin@hotmail.com'),
(35, 'Drucy', 'Howey', 'Computer Science', 'drucy.howey@gmail.com'),
(36, 'Brandon', 'Doore', 'Economics', 'brandon.doore@yahoo.com'),
(37, 'Marleah', 'Parton', 'Architecture', 'marleah.parton@yahoo.com'),
(38, 'Niel', 'Shelsher', 'Psychology', 'niel.shelsher@yahoo.fr'),
(39, 'Abby', 'Hubbucks', 'English', 'abby.hubbucks@gmail.com'),
(40, 'Sibeal', 'Gargett', 'Sociology', 'sibeal.gargett@hotmail.com');


-- Inserts for Student
INSERT INTO Student (sID, fName, lName, email, blurb, role) VALUES
(1, 'Aeriel', 'Sommerton', 'aeriel.sommerton@web.de', 'Dance is my outlet for energy and creativity. I practice various styles and perform in competitions, always striving to learn new choreography.', 'mentor'),
(2, 'Meaghan', 'Le Ball', 'meaghan.leball@hotmail.com', 'Cooking and experimenting with new recipes is what I love most. I often host dinner parties for my friends to try out new dishes.', 'mentor'),
(3, 'Ondrea', 'Kinsella', 'ondrea.kinsella@yahoo.co.in', 'Video games are my favorite pastime. I enjoy strategy games that challenge my mind and continuously seek to improve my skills.', 'mentor'),
(4, 'Kile', 'McPhelimey', 'kile.mcphelimey@libero.it', 'Dance is my outlet for energy and creativity. I practice various styles and perform in competitions, always striving to learn new choreography.', 'mentor'),
(5, 'Ash', 'Uff', 'ash.uff@hotmail.com', 'Math challenges and numbers are where I find solace. Sudoku and puzzles occupy my free time, alongside participating in national math competitions.', 'mentor'),
(6, 'Shelli', 'Milius', 'shelli.milius@neuf.fr', 'I have a passion for mathematics and spend most of my time solving complex equations. Outside of academics, I enjoy playing chess and competing in local tournaments.', 'mentor'),
(7, 'Fayth', 'Sodor', 'fayth.sodor@gmx.de', 'Dance is my outlet for energy and creativity. I practice various styles and perform in competitions, always striving to learn new choreography.', 'mentor'),
(8, 'Nahum', 'Seeler', 'nahum.seeler@wanadoo.fr', 'Video games are my favorite pastime. I enjoy strategy games that challenge my mind and continuously seek to improve my skills.', 'mentor'),
(9, 'Scotti', 'Rivallant', 'scotti.rivallant@gmail.com', 'I enjoy writing and have a blog where I share book reviews and personal thoughts. Connecting with readers from around the world is enriching.', 'mentor'),
(10, 'Cosme', 'Elliot', 'cosme.elliot@yahoo.com', 'Science is my favorite subject, especially biology. Exploring the natural world and understanding how things work piques my interest like nothing else!', 'mentor'),
(11, 'Goldy', 'Evesque', 'goldy.evesque@gmail.com', 'I\'m an avid reader and love diving into fantasy novels. When I\'m not studying, you can find me writing short stories or exploring new coffee shops around town.', 'mentor'),
(12, 'Court', 'Gildroy', 'court.gildroy@gmail.com', 'Music runs in my family, and I play the guitar in a band with my friends. On weekends, we perform at local gigs, bringing energy to the stage.', 'mentor'),
(13, 'Mahala', 'Boerderman', 'mahala.boerderman@gmail.com', 'Technology and coding are my main interests. I spend weekends participating in hackathons and building apps to solve everyday problems.', 'mentor'),
(14, 'Avrom', 'Nilges', 'avrom.nilges@gmail.com', 'Social justice is close to my heart, and I volunteer at a local community center. Advocating for change and helping others drives me.', 'mentor'),
(15, 'Charin', 'Boggish', 'charin.boggish@yahoo.co.id', 'Video games are my favorite pastime. I enjoy strategy games that challenge my mind and continuously seek to improve my skills.', 'mentor'),
(16, 'Wallie', 'Sandon', 'wallie.sandon@yahoo.com', 'Outdoor adventures are what I live for. Whether it\'s hiking, camping, or rock climbing, being in nature gives me peace and brings out the best in me.', 'mentee'),
(17, 'Ryun', 'Athy', 'ryun.athy@hotmail.com', 'Technology and coding are my main interests. I spend weekends participating in hackathons and building apps to solve everyday problems.', 'mentee'),
(18, 'Gates', 'Ledeker', 'gates.ledeker@gmail.com', 'Acting is my passion, and I participate in school plays and local theater productions. I thrive on stage and love bringing characters to life.', 'mentee'),
(19, 'Bliss', 'Conibear', 'bliss.conibear@freenet.de', 'Social justice is close to my heart, and I volunteer at a local community center. Advocating for change and helping others drives me.', 'mentee'),
(20, 'Carny', 'Huniwall', 'carny.huniwall@gmail.com', 'Cooking and experimenting with new recipes is what I love most. I often host dinner parties for my friends to try out new dishes.', 'mentee'),
(21, 'Vyky', 'Worsnip', 'vyky.worsnip@hotmail.com', 'I have a passion for mathematics and spend most of my time solving complex equations. Outside of academics, I enjoy playing chess and competing in local tournaments.', 'mentee'),
(22, 'Trenna', 'Gerbel', 'trenna.gerbel@hotmail.com', 'I\'m an avid reader and love diving into fantasy novels. When I\'m not studying, you can find me writing short stories or exploring new coffee shops around town.', 'mentee'),
(23, 'Ebonee', 'Halkyard', 'ebonee.halkyard@yahoo.com.br', 'Photography helps me capture the world from different perspectives. Whether it\'s landscapes or portraits, I love finding beauty in everyday life.', 'mentee'),
(24, 'Keenan', 'Mowson', 'keenan.mowson@yahoo.com', 'I enjoy writing and have a blog where I share book reviews and personal thoughts. Connecting with readers from around the world is enriching.', 'mentee'),
(25, 'Yorke', 'Bensusan', 'yorke.bensusan@sbcglobal.net', 'Sports are my life! I\'m the captain of the soccer team and love spending my afternoons practicing or watching matches with friends.', 'mentee'),
(26, 'Wilton', 'Worsell', 'wilton.worsell@yahoo.fr', 'Math challenges and numbers are where I find solace. Sudoku and puzzles occupy my free time, alongside participating in national math competitions.', 'mentee'),
(27, 'Alayne', 'Whitnell', 'alayne.whitnell@yahoo.com', 'Math challenges and numbers are where I find solace. Sudoku and puzzles occupy my free time, alongside participating in national math competitions.', 'mentee'),
(28, 'Fanchon', 'Quarry', 'fanchon.quarry@hotmail.com', 'Video games are my favorite pastime. I enjoy strategy games that challenge my mind and continuously seek to improve my skills.', 'mentee'),
(29, 'Cahra', 'Wooster', 'cahra.wooster@wanadoo.fr', 'Acting is my passion, and I participate in school plays and local theater productions. I thrive on stage and love bringing characters to life.', 'mentee'),
(30, 'Amy', 'McAviy', 'amy.mcaviy@msn.com', 'Outdoor adventures are what I live for. Whether it\'s hiking, camping, or rock climbing, being in nature gives me peace and brings out the best in me.', 'mentee');

# inserts for student & abroadProgram bridge table
INSERT INTO studentAbroadProgram (programID, sID) VALUES
(60, 100),
(57, 94),
(41, 47),
(28, 26),
(16, 54),
(33, 92),
(59, 78),
(55, 45),
(47, 88),
(27, 22),
(53, 65),
(13, 74),
(5, 58),
(39, 35),
(44, 61),
(35, 13),
(21, 44),
(37, 50),
(4, 8),
(8, 59),
(26, 76),
(30, 41),
(5, 75),
(36, 100),
(42, 41),
(46, 55),
(25, 9),
(45, 52),
(14, 39),
(8, 99),
(60, 34),
(25, 85),
(33, 5),
(20, 33),
(6, 8),
(24, 1),
(59, 46),
(23, 2),
(51, 15),
(3, 67),
(20, 96),
(5, 69),
(1, 84),
(44, 56),
(28, 36),
(1, 54),
(9, 11),
(40, 80),
(49, 65),
(58, 68),
(45, 2),
(41, 30),
(12, 98),
(51, 6),
(34, 87),
(22, 17),
(33, 9),
(7, 2),
(48, 77),
(39, 67),
(41, 21),
(18, 21),
(59, 34),
(56, 59),
(4, 42),
(52, 100),
(11, 15),
(6, 42),
(2, 3),
(46, 19),
(28, 45),
(40, 74),
(59, 44),
(13, 89),
(13, 92),
(9, 55),
(21, 42),
(36, 40),
(26, 91),
(60, 20),
(9, 1),
(26, 91),
(2, 94),
(12, 94),
(27, 94),
(11, 100),
(44, 92),
(27, 46),
(54, 91),
(55, 1),
(33, 12),
(25, 52),
(24, 2),
(55, 24),
(12, 10),
(1, 86),
(55, 22),
(14, 16),
(57, 17),
(56, 10);


# inserts for mentee-mentor matches (NEED TO BE FIXED)
INSERT INTO mentorshipMatch (matchID, menteeID, mentorID, dateMatched) VALUES
(1, 79, 79, '2024-09-08 22:55:29'),
(2, 50, 50, '2024-05-06 20:16:45'),
(3, 29, 29, '2024-03-12 11:09:16'),
(4, 21, 21, '2024-05-26 10:07:28'),
(5, 97, 97, '2024-03-09 09:28:33'),
(6, 22, 22, '2024-11-14 21:18:59'),
(7, 95, 95, '2024-02-14 23:33:03'),
(8, 65, 65, '2024-11-06 10:06:10'),
(9, 62, 62, '2024-07-21 18:42:56'),
(10, 100, 100, '2024-07-10 18:53:18'),
(11, 23, 23, '2024-02-16 09:29:34'),
(12, 9, 9, '2023-12-29 16:20:20'),
(13, 83, 83, '2024-09-23 09:51:46'),
(14, 24, 24, '2024-02-21 18:21:50'),
(15, 13, 13, '2024-03-10 08:47:31'),
(16, 29, 29, '2024-06-30 01:30:01'),
(17, 78, 78, '2024-09-06 03:22:33'),
(18, 88, 88, '2024-10-12 05:04:32'),
(19, 89, 89, '2024-05-09 23:22:26'),
(20, 40, 40, '2024-01-02 22:36:07'),
(21, 6, 6, '2024-10-16 05:58:43'),
(22, 38, 38, '2024-04-20 06:36:07'),
(23, 32, 32, '2024-04-11 00:20:35'),
(24, 58, 58, '2023-12-16 09:37:43'),
(25, 13, 13, '2024-09-18 21:12:21'),
(26, 68, 68, '2024-04-13 10:17:18'),
(27, 15, 15, '2024-03-23 04:01:03'),
(28, 41, 41, '2024-06-25 11:18:28'),
(29, 25, 25, '2024-11-12 17:42:34'),
(30, 82, 82, '2024-11-23 14:53:42'),
(31, 15, 15, '2024-07-31 02:11:29'),
(32, 35, 35, '2024-01-20 09:15:11'),
(33, 31, 31, '2024-02-08 18:52:02'),
(34, 24, 24, '2024-09-22 06:46:12'),
(35, 5, 5, '2024-07-21 23:39:03'),
(36, 8, 8, '2024-04-22 14:33:14'),
(37, 40, 40, '2024-02-26 13:07:22'),
(38, 36, 36, '2024-09-20 16:47:51'),
(39, 34, 34, '2024-01-20 02:03:51'),
(40, 89, 89, '2024-03-31 12:34:21'),
(41, 1, 1, '2024-03-19 11:17:48'),
(42, 55, 55, '2023-12-15 00:24:37'),
(43, 66, 66, '2023-12-23 19:34:20'),
(44, 10, 10, '2024-04-19 10:45:55'),
(45, 100, 100, '2024-04-06 13:46:03'),
(46, 48, 48, '2024-03-28 23:51:49'),
(47, 20, 20, '2024-10-16 08:04:15'),
(48, 12, 12, '2023-11-27 21:01:50'),
(49, 48, 48, '2024-06-12 12:41:19'),
(50, 60, 60, '2024-01-17 16:31:49'),
(51, 7, 7, '2024-07-24 13:27:12'),
(52, 4, 4, '2023-12-31 05:49:35'),
(53, 74, 74, '2024-11-26 03:27:54'),
(54, 54, 54, '2024-02-07 06:36:21'),
(55, 37, 37, '2023-12-23 01:57:15'),
(56, 61, 61, '2024-01-09 09:28:03'),
(57, 70, 70, '2024-05-19 05:49:13'),
(58, 78, 78, '2024-07-02 19:25:13'),
(59, 31, 31, '2023-12-21 20:23:46'),
(60, 19, 19, '2024-08-10 01:05:41'),
(61, 56, 56, '2024-01-06 14:27:27'),
(62, 48, 48, '2023-12-09 03:48:14'),
(63, 30, 30, '2024-08-22 17:07:22'),
(64, 68, 68, '2024-06-10 20:02:33'),
(65, 29, 29, '2024-04-09 23:37:42'),
(66, 4, 4, '2024-03-09 06:58:45'),
(67, 79, 79, '2024-08-09 01:04:50'),
(68, 80, 80, '2024-09-05 06:15:15'),
(69, 97, 97, '2023-12-26 14:20:21'),
(70, 24, 24, '2024-11-09 01:26:05'),
(71, 43, 43, '2024-03-17 04:48:00'),
(72, 60, 60, '2024-02-03 18:39:00'),
(73, 92, 92, '2024-08-17 07:05:28'),
(74, 44, 44, '2024-06-16 04:10:44'),
(75, 63, 63, '2024-05-19 05:38:58'),
(76, 59, 59, '2024-03-13 07:56:27'),
(77, 90, 90, '2024-07-31 07:52:22'),
(78, 21, 21, '2024-03-10 01:35:00'),
(79, 19, 19, '2023-12-09 03:29:34'),
(80, 74, 74, '2024-09-10 10:01:18'),
(81, 39, 39, '2024-09-13 16:23:57'),
(82, 3, 3, '2024-02-22 11:20:13'),
(83, 47, 47, '2024-05-13 21:39:58'),
(84, 94, 94, '2024-05-01 17:55:07'),
(85, 34, 34, '2024-03-23 18:46:25'),
(86, 63, 63, '2024-07-01 10:33:14'),
(87, 72, 72, '2024-10-27 19:41:00'),
(88, 51, 51, '2024-05-04 22:19:02'),
(89, 16, 16, '2024-07-03 21:04:22'),
(90, 6, 6, '2024-07-13 18:33:44'),
(91, 89, 89, '2024-06-29 14:44:08'),
(92, 60, 60, '2024-10-19 15:05:19'),
(93, 82, 82, '2024-09-08 05:06:16'),
(94, 41, 41, '2024-02-09 12:55:15'),
(95, 51, 51, '2024-02-02 07:46:18'),
(96, 47, 47, '2024-08-23 01:59:04'),
(97, 88, 88, '2024-02-23 12:26:09'),
(98, 42, 42, '2024-04-17 13:25:55'),
(99, 44, 44, '2024-08-20 08:39:45'),
(100, 36, 36, '2023-12-07 09:04:27');


# inserts for major
INSERT INTO Major (majorID, majorName, Department) VALUES
(1, 'Computer Science', 'Engineering'),
(2, 'Mechanical Engineering', 'Engineering'),
(3, 'Psychology', 'Arts and Sciences'),
(4, 'Biology', 'Science'),
(5, 'Business Administration', 'Business'),
(6, 'Economics', 'Social Sciences'),
(7, 'Political Science', 'Social Sciences'),
(8, 'History', 'Arts and Humanities'),
(9, 'English Literature', 'Arts and Humanities'),
(10, 'Physics', 'Science'),
(11, 'Chemistry', 'Science'),
(12, 'Mathematics', 'Science'),
(13, 'Philosophy', 'Arts and Humanities'),
(14, 'Sociology', 'Social Sciences'),
(15, 'Anthropology', 'Social Sciences'),
(16, 'Electrical Engineering', 'Engineering'),
(17, 'Civil Engineering', 'Engineering'),
(18, 'Architecture', 'Design'),
(19, 'Art History', 'Arts and Humanities'),
(20, 'Music', 'Performing Arts'),
(21, 'Theater', 'Performing Arts'),
(22, 'Environmental Science', 'Science'),
(23, 'Nursing', 'Health Sciences'),
(24, 'Public Health', 'Health Sciences'),
(25, 'Communication', 'Social Sciences'),
(26, 'Journalism', 'Arts and Sciences'),
(27, 'Education', 'Education'),
(28, 'Linguistics', 'Arts and Humanities'),
(29, 'Computer Engineering', 'Engineering'),
(30, 'Chemical Engineering', 'Engineering');

# inserts for student-major bridge table
INSERT INTO your_table_name (majorID, sID) VALUES
(31, 62),
(14, 27),
(50, 99),
(42, 60),
(30, 83),
(6, 51),
(42, 64),
(26, 42),
(21, 22),
(11, 71),
(36, 88),
(44, 100),
(5, 9),
(41, 81),
(25, 58),
(40, 79),
(7, 14),
(12, 23),
(30, 60),
(49, 97),
(27, 53),
(16, 32),
(36, 71),
(11, 22),
(30, 59),
(30, 52),
(26, 31),
(16, 62),
(31, 40),
(20, 41),
(21, 6),
(3, 31),
(16, 91),
(46, 32),
(33, 90),
(45, 93),
(47, 21),
(11, 79),
(40, 81),
(41, 28),
(14, 36),
(7, 13),
(30, 59),
(9, 17),
(1, 2),
(9, 8),
(19, 18),
(32, 38),
(34, 14),
(46, 63),
(47, 67),
(7, 26),
(38, 91),
(2, 93),
(47, 14),
(21, 75),
(19, 3),
(49, 94),
(30, 41),
(21, 37),
(46, 24),
(31, 97),
(37, 59),
(41, 42),
(4, 92),
(32, 62),
(13, 73),
(10, 76),
(39, 82),
(47, 7),
(27, 63),
(40, 25),
(42, 20),
(40, 77),
(28, 93),
(30, 92),
(43, 53),
(16, 79),
(14, 12),
(27, 83),
(24, 8),
(16, 80),
(8, 4),
(43, 98),
(23, 86),
(47, 32),
(50, 27),
(16, 54),
(17, 48),
(3, 31),
(23, 16),
(14, 85),
(19, 45),
(16, 94),
(23, 99),
(7, 33),
(16, 5),
(10, 45),
(7, 27),
(48, 37);

# inserts for questions
INSERT INTO your_table_name (qID, sID, content, datePosted, isApproved, abroadProgram) VALUES
(1, 16, 'What is the culture like in the city, and how can I best integrate into it?', '2024-03-06 03:34:04', 0, 43),
(2, 16, 'How do I open a bank account as an international student?', '2023-11-30 21:12:47', 1, 23),
(3, 17, 'Are there any cultural differences I should be aware of when studying here?', '2024-11-03 12:04:12', 1, 27),
(4, 17, 'Are there internship or job opportunities available for international students?', '2024-02-08 07:52:40', 0, 3),
(5, 18, 'What is the general attitude toward international students in this country?', '2024-02-16 02:36:42', 0, 30),
(6, 18, 'What is the culture like in the city, and how can I best integrate into it?', '2024-02-09 02:59:01', 1, 27),
(7, 19, 'Are there any local banks that offer student accounts with no fees?', '2024-01-26 04:05:28', 1, 26),
(8, 19, 'Is it easy to travel around the country during weekends or holidays?', '2024-01-01 14:21:17', 0, 44),
(9, 20, 'What are the most common challenges international students face in this city or country?', '2024-11-17 14:58:54', 0, 6),
(10, 20, 'How do I get a residence permit or extend my stay if I decide to stay longer?', '2024-04-17 12:29:47', 0, 35),
(11, 21, 'Can I work part-time while studying abroad?', '2024-04-26 21:55:13', 1, 38),
(12, 21, 'What is the culture like in the city, and how can I best integrate into it?', '2024-11-27 11:26:10', 1, 38),
(13, 22, 'Are there any local traditions or holidays I should be aware of during my stay?', '2024-06-04 20:22:01', 1, 45),
(14, 22, 'What is the local attitude toward environmental sustainability and eco-friendly practices?', '2023-12-13 04:18:44', 0, 4),
(15, 23, 'Can I transfer credits from my study abroad program back to my home institution?', '2023-12-23 13:15:54', 0, 48),
(16, 23, 'Are there any local networking or career events for international students?', '2024-06-24 02:24:28', 1, 28),
(17, 24, 'How do I get involved in research or academic opportunities as an international student?', '2024-07-15 18:19:40', 0, 16),
(18, 24, 'How can I stay connected with family and friends back home while abroad?', '2024-08-31 00:02:15', 0, 3),
(19, 25, 'Are there opportunities for international students to engage in local political or social movements?', '2024-08-29 18:03:12', 1, 35),
(20, 25, 'What are the main safety concerns in this city or country?', '2024-09-26 12:01:50', 0, 38),
(21, 26, 'What is the procedure for enrolling in courses as an international student?', '2024-08-19 23:52:13', 0, 4),
(22, 26, 'How safe is the neighborhood around the university for international students?', '2024-11-12 05:43:41', 1, 47),
(23, 27, 'Are there any local networking or career events for international students?', '2024-11-08 00:39:47', 0, 23),
(24, 27, 'What is the culture like in the city, and how can I best integrate into it?', '2024-11-09 18:55:52', 1, 15),
(25, 28, 'Are there scholarships available for international students?', '2023-12-14 15:45:50', 0, 19),
(26, 28, 'How can I stay updated on events and activities on campus?', '2024-07-20 00:42:18', 0, 18),
(27, 29, 'What types of extracurricular activities are available for international students?', '2024-03-26 22:31:39', 1, 12),
(28, 29, 'Can I use my phone plan from home, or do I need to get a local SIM card?', '2024-09-08 11:25:42', 1, 20),
(29, 30, 'Is it easy to travel around the country during weekends or holidays?', '2024-02-15 19:11:11', 0, 25),
(30, 30, 'What support is available for students with disabilities or special needs?', '2023-12-11 14:49:55', 1, 55);

# inserts for replies
INSERT INTO your_table_name (replyID, sID, qID, content, datePosted, isApproved) VALUES
(1, 1, 1, 'The city culture is vibrant and diverse—attend local events, explore community spaces, and connect with locals to integrate smoothly.', '2023-12-21 18:00:01', 1),
(2, 1, 2, 'To open a bank account, you will need your passport, visa, I-20/DS-2019, proof of address, and sometimes a Social Security number or ITIN.', '2024-04-14 03:54:34', 1),
(3, 2, 3, 'Yes, cultural norms like punctuality, individualism, and direct communication are common—observing and asking questions can help you adapt.', '2024-10-31 10:17:30', 0),
(4, 2, 4, 'As we are guests at a school graciously offering to host us, we expect students to be on their best behavior and will enforce that accordingly.', '2024-06-11 06:49:42', 0),
(5, 3, 5, 'Typically, introductory lectures are around 100 students, while classes with more discussion are around 20.', '2024-06-30 07:13:39', 0),
(6, 3, 6, 'No matter where you are, the country''s emergency services will always be a reliable tool in a time of need. That being said, we have many resources on all of our campuses for help in emergency and non-emergency situations. Please check out the resources page for your location.', '2024-11-08 11:06:11', 0),
(7, 4, 7, 'Nulla pariatur. Excepteur sint occaecat cupidatat non proident, sunt in eadem causa sunt, qua ante quam nati, et.', '2024-07-15 01:30:55', 0),
(8, 4, 8, 'Mundus omnesque partes mundi, quaeque.', '2023-12-13 02:23:45', 1),
(9, 5, 9, 'Quo modo efficiatur concludaturque ratio tradit, non qua via captiosa solvantur ambigua distinguantur ostendit; iudicia rerum dirigentur, numquam ullius oratione victi sententia desistemus. Nisi.', '2024-04-17 18:17:39', 1),
(10, 5, 10, 'Ex eo perciperet corpore voluptatem, aut cum Latinis tertio consulatu conflixisse apud Veserim propter voluptatem; quod vero securi percussit filium, privavisse se etiam videtur multis voluptatibus, cum ipsi naturae patrioque amori praetulerit ius maiestatis atque imperii. Quid? T. Torquatus, is qui consul cum Cn. Octavio fuit, cum illam.', '2024-11-11 00:00:02', 0),
(11, 6, 11, 'Urbane Stoicos irridente, statua est in voluptate esse aut in dolore, sed in his rebus instructus semper est in quo admirer, cur in gravissimis rebus non delectet eos sermo patrius, cum idem fabellas Latinas ad verbum e Graecis expressas non inviti legant. Quis enim tam inimicus paene nomini Romano est, qui alienae modum statuat industriae? Nam.', '2024-10-13 02:14:24', 0),
(12, 6, 12, 'Dictum est, sic amicitiam negant posse a voluptate discedere. Nam cum ignoratione rerum bonarum et malarum maxime hominum vita vexetur, ob eumque errorem et voluptatibus maximis saepe priventur.', '2023-12-19 13:01:29', 0),
(13, 7, 13, 'Homines optimi non intellegunt totam rationem everti, si ita melius sit, migrare de vita. His rebus instructus semper est in Ceramico Chrysippi sedentis porrecta manu, quae manus significet illum in hae esse rogatiuncula delectatum: ''Numquidnam manus.', '2023-12-25 16:42:47', 0),
(14, 7, 14, 'Et harum quidem rerum facilis est et expedita distinctio. Nam libero tempore, cum.', '2024-09-01 14:13:34', 1),
(15, 8, 15, 'Sint quaeque cernantur, omnia, eumque.', '2024-10-26 08:19:17', 1),
(16, 8, 16, 'E regione ferrentur et, ut dixi, ad lineam, numquam fore ut atomus altera alteram posset attingere itaque ** attulit rem commenticiam: declinare dixit atomum perpaulum, quo nihil nec summum nec infimum nec medium nec ultimum nec extremum sit, ita ferri, ut concursionibus inter se cohaerescant, ex quo intellegitur nec intemperantiam propter se.', '2024-11-01 12:43:06', 0),
(17, 9, 17, 'Maiorem aut minorem. Ita, quae mutat, ea corrumpit, quae sequitur sunt tota Democriti, atomi, inane, imagines, quae eidola nominant, quorum incursione non solum praesentibus fruuntur, sed etiam effectrices sunt voluptatum tam amicis quam sibi, quibus non solum videamus, sed etiam spe eriguntur consequentis ac posteri temporis. Quod quia nullo modo probantur, tamen Democritum laudatum a ceteris.', '2024-08-24 06:41:20', 0),
(18, 9, 18, 'Coniuncta explicabo brevi. Nullus in ipsis error est finibus bonorum et malorum fere a nobis explicatam esse his litteris arbitramur, in quibus, quantum potuimus, non modo singulos homines, sed universas familias evertunt, totam etiam labefactant saepe rem publicam. Ex cupiditatibus odia, discidia, discordiae, seditiones, bella nascuntur, nec eae se foris solum iactant nec tantum in alios.', '2024-08-23 18:28:59', 0),
(19, 10, 19, 'Voluptates fugiat, sed quia pacem animis afferat et eos quasi concordia quadam placet ac leniat. Temperantia est enim.', '2024-03-08 04:08:47', 0),
(20, 10, 20, 'Quidem, sed ista sequimur, ut sine cura metuque vivamus animumque et corpus, quantum efficere possimus, molestia liberemus. Ut enim sapientiam, temperantiam, fortitudinem copulatas esse docui cum voluptate, ut ab ea nullo modo sine.', '2024-02-17 00:56:47', 0),
(21, 11, 21, 'Nulla ratione est ut videamus aliam in hac re causam. Sed interdum occurrit mihi ut dubitem num viam suam sequatur, modo celeriter ad naturalem ordinem. Quodsi verum est, nec non ob illam vis contineat maiores animos a tam procul sectando.', '2024-01-11 07:35:20', 0),
(22, 11, 22, 'In omni re, quemadmodum sit simplex, nihil dubium est de transitu semetipsos mentemque eiusmodi trahat ad extremum. Plura minusque dissimilem credere attinentes.', '2024-09-13 13:19:57', 1),
(23, 12, 23, 'Donec nec primus, secundo erroribus ponuntur in ignominiam, non sum elaborandae nec philosophiae. Quod et duce sententiae.', '2024-10-18 09:47:35', 1),
(24, 12, 24, 'Aenean pulvinar ligula nec nisi fermentum, et malesuada est cursus erat felis. Quam vero ipse contextus comperiat fundum actus latos.', '2024-04-05 06:01:09', 0),
(25, 13, 25, 'Tanta est nobilitas errorum, et dolor naturae eius in supercilio longum est expeditus non solum vitiosus, sed etiam res in diversas interpretando.', '2024-11-14 11:39:22', 1),
(26, 13, 26, 'Excelsus omni est liber cura et angore, cum et tibi probatus videretur et iis, quos modo nominavi, cum inciderit, ut id meo arbitratu facerem.', '2024-10-14 14:26:03', 0),
(27, 14, 27, 'Nam, ut sint illa vendibiliora, haec uberiora certe sunt. Quamquam id quidem licebit iis existimare, qui legerint. Nos autem hanc omnem quaestionem de finibus bonorum et malorum fere a nobis.', '2024-08-04 04:31:53', 0),
(28, 14, 28, 'Est in quo etiam Democritus haeret, turbulenta concursio hunc mundi ornatum efficere non poterit. Ne illud quidem physici, credere aliquid.', '2024-01-02 15:48:21', 1),
(29, 15, 29, 'Rebus instructus semper est in voluptate. Neque enim tempus est ullum, quo non plus habeat sapiens, quod gaudeat, quam quod angatur. Optime vero Epicurus, quod exiguam dixit fortunam intervenire sapienti maximasque ab eo et gravissimas res consilio ipsius et ratione administrari neque maiorem voluptatem ex infinito tempore aetatis percipi posse, quam ex.', '2023-12-21 21:11:44', 0),
(30, 15, 30, 'Diceret, primum in eo non arbitrantur. Erunt etiam, et ii quidem eruditi Graecis litteris, contemnentes Latinas, qui se plane Graecum dici velit, ut a Scaevola est praetore salutatus Athenis Albucius. Quem quidem locum comit multa venustate.', '2024-08-13 11:24:25', 0);