USE lisaa_sql;


# dump data for Location
INSERT INTO Location (locationID, city, country, description) VALUES
(1, 'Vienna', 'Austria', 'The capital city known for its cultural events, imperial sites, and coffee houses.'),
(2, 'Brussels', 'Belgium', 'The heart of the European Union and famous for its chocolates and beers.'),
(3, 'Copenhagen', 'Denmark', 'A charming capital with a historic center, modern architecture, and culinary scene.'),
(4, 'Helsinki', 'Finland', 'A vibrant seaside city with unique architecture and design.'),
(5, 'Paris', 'France', 'The city of love and the Eiffel Tower, known for its art, fashion, and gastronomy.'),
(6, 'Berlin', 'Germany', 'A city rich in history with modern architecture and vibrant arts scene.'),
(7, 'Athens', 'Greece', 'The cradle of Western civilization, known for its ancient monuments.'),
(8, 'Dublin', 'Ireland', 'The capital city known for its cultural heritage and vibrant nightlife.'),
(9, 'Rome', 'Italy', 'The Eternal City, renowned for its ancient history and architecture.'),
(10, 'Amsterdam', 'Netherlands', 'A city with scenic canals, artistic heritage, and vibrant cycling culture.'),
(11, 'Oslo', 'Norway', 'A modern city in the midst of stunning natural beauty.'),
(12, 'Warsaw', 'Poland', 'A city that blends a rich history with a contemporary urban cultural scene.'),
(13, 'Lisbon', 'Portugal', 'A hilly coastal city with a rich maritime history and a vibrant cultural scene.'),
(14, 'Madrid', 'Spain', 'The bustling capital known for its cultural festivals, art museums, and tapas.'),
(15, 'Stockholm', 'Sweden', 'A city spread across 14 islands with a rich history and vibrant urban life.'),
(16, 'Bern', 'Switzerland', 'The de facto capital known for its medieval architecture and charm.'),
(17, 'London', 'United Kingdom', 'A world-leading global city known for its history, arts, and multicultural landscape.'),
(18, 'Barcelona', 'Spain', 'Known for its unique architecture, vibrant nightlife, and stunning beaches.'),
(19, 'Munich', 'Germany', 'Famous for its Oktoberfest, beer gardens, and cultural heritage.'),
(20, 'Stuttgart', 'Germany', 'A city surrounded by vineyards, famous for automotive industry giants.'),
(21, 'Frankfurt', 'Germany', 'A leading financial hub with a skyline filled with skyscrapers.'),
(22, 'Hamburg', 'Germany', 'A harbor city known for its maritime culture and musical heritage.'),
(23, 'Cologne', 'Germany', 'Known for its impressive cathedral and vibrant media and tourism industries.'),
(24, 'Düsseldorf', 'Germany', 'Recognized for its fashion industry and art scene.'),
(25, 'Leipzig', 'Germany', 'Celebrated for its music, art, and its role in history as a trade city.'),
(26, 'Bordeaux', 'France', 'World-famous for its wine and stunning 18th-century architecture.'),
(27, 'Nice', 'France', 'Known for its beautiful Mediterranean beaches and vibrant cultural life.'),
(28, 'Lyon', 'France', 'Known for its historical and architectural landmarks and gastronomy.'),
(29, 'Marseille', 'France', 'A port city with a rich maritime history and multicultural vibe.'),
(30, 'Naples', 'Italy', 'Renowned for its rich history, art, gastronomy, and the nearby Amalfi Coast.'),
(31, 'Milan', 'Italy', 'A global fashion capital, known for its high-end shopping and architecture.'),
(32, 'Florence', 'Italy', 'A city that embodies Renaissance art and architecture.'),
(33, 'Venice', 'Italy', 'Known for its canals, Gothic architecture, and romance.'),
(34, 'Turin', 'Italy', 'Famed for its industry, culture, and the Shroud of Turin.'),
(35, 'Prague', 'Czech Republic', 'A fairy-tale town known for its beautiful architecture and Bohemian history.'),
(36, 'Vienna', 'Austria', 'Renowned for its artistic and intellectual legacy.'),
(37, 'Budapest', 'Hungary', 'A city of thermal baths, classical music, and stunning architecture.'),
(38, 'Luxembourg City', 'Luxembourg', 'A fairy-tale city headquartering many European Union institutions.'),
(39, 'Reykjavík', 'Iceland', 'The northernmost capital in the world, known for its quirky culture.'),
(40, 'Tallinn', 'Estonia', 'A historic coastal city with a well-preserved medieval old town.'),
(41, 'Vilnius', 'Lithuania', 'A city with Baroque architecture and a rich cultural scene.'),
(42, 'Riga', 'Latvia', 'Known for its wooden buildings, Art Nouveau architecture, and medieval old town.'),
(43, 'Sofia', 'Bulgaria', 'A city with Roman ruins mixed with modern development.'),
(44, 'Bucharest', 'Romania', 'Known as the ''Little Paris'' of the East with a diverse architecture.'),
(45, 'Warsaw', 'Poland', 'A vibrant city reborn from its complex history.'),
(46, 'Bratislava', 'Slovakia', 'A city on the Danube known for its charming old town.'),
(47, 'Ljubljana', 'Slovenia', 'A small city with beautiful architecture and relaxed atmosphere.'),
(48, 'Zagreb', 'Croatia', 'Known for its historic medieval old town and vibrant cultural life.'),
(49, 'Belgrade', 'Serbia', 'A city where Sava and Danube rivers meet, rich in nightlife and history.'),
(50, 'Sarajevo', 'Bosnia and Herzegovina', 'A city renowned for its cultural and religious diversity.'),
(51, 'Skopje', 'North Macedonia', 'Known for its historic monuments and vibrant culture.'),
(52, 'Tirana', 'Albania', 'A capital with colorful buildings and rich history.'),
(53, 'Podgorica', 'Montenegro', 'A city blending old and modern architecture.'),
(54, 'Pristina', 'Kosovo', 'The youngest capital in Europe with modern vibrancy.'),
(55, 'San Marino', 'San Marino', 'A picturesque town atop Monte Titano offering stunning views.'),
(56, 'Vaduz', 'Liechtenstein', 'A small capital with a medieval castle overlooking the city.');


# dump data for abroadProgram 
INSERT INTO abroadProgram (programID, programName, prgmDescription, locationID, programType, empID) VALUES
(1, 'Vienna', 'Experience innovation in Vienna with a focus on startups, venture capital, and entrepreneurship.', 1, 'Dialogue of Civilizations', 1),
(2, 'Brussels', 'Immerse yourself in the healthcare system of Brussels, with practical sessions in public health and medical ethics.', 2, 'Semester.in', 2),
(3, 'Copenhagen', 'Investigate the advancements in AI and robotics in Copenhagen, alongside industry leaders and academic mentors.', 3, 'Traditional Study Abroad', 3),
(4, 'Helsinki', 'Analyze the economic landscape of Helsinki while studying international economics and development.', 4, 'Traditional Study Abroad', 4),
(5, 'Paris', 'Live and learn in Paris while exploring central and Western European studies through a historical lens.', 5, 'Semester.in', 5),
(6, 'Berlin', 'Experience the unique blend of tradition and modernity in Berlin with courses in history, culture, and politics.', 6, 'Traditional Study Abroad', 6),
(7, 'Athens', 'Study marine biology in the coastal city of Athens and engage with local conservation projects.', 7, 'Dialogue of Civilizations', 7),
(8, 'Dublin', 'Study the art and architecture of Dublin while taking courses in design thinking and innovation.', 8, 'NU.in', 8),
(9, 'Rome', 'Witness the urban evolution of Rome and study urban planning, real estate, and architecture.', 9, 'Dialogue of Civilizations', 9),
(10, 'Amsterdam', 'Participate in our intensive studies program in Amsterdam, focusing on history, politics, and contemporary culture.', 10, 'Traditional Study Abroad', 10),
(11, 'Oslo', 'Analyze the economic landscape of Oslo while studying international economics and development.', 11, 'Traditional Study Abroad', 11),
(12, 'Warsaw', 'Engage with the community development efforts in Warsaw while studying sociology and humanitarian action.', 12, 'Dialogue of Civilizations', 12),
(13, 'Lisbon', 'Experience the vibrant city life of Lisbon and study Portugese language and culture through hands-on projects.', 13, 'NU.in', 13),
(14, 'Madrid', 'Witness the urban evolution of Madrid and study urban planning, real estate, and architecture.', 14, 'Dialogue of Civilizations', 14),
(15, 'Stockholm', 'Immerse yourself in the healthcare system of Stockholm, with practical sessions in public health and medical ethics.', 15, 'Dialogue of Civilizations', 15),
(16, 'Bern', 'Participate in wildlife conservation efforts in Bern, focusing on ecosystem management and biology studies.', 16, 'Traditional Study Abroad', 16),
(17, 'London', 'Experience innovation in London with a focus on startups, venture capital, and entrepreneurship.', 17, 'Traditional Study Abroad', 17),
(18, 'Barcelona', 'Discover the ancient history of Barcelona while participating in archaeological digs and classical studies.', 18, 'NU.in', 18),
(19, 'Munich', 'Dive into the history and business environment of Munich with a focus on international finance and management practices.', 19, 'NU.in', 19),
(20, 'Stuttgart', 'Engage with the community development efforts in Stuttgart while studying sociology and humanitarian action.', 20, 'Dialogue of Civilizations', 20),
(21, 'Frankfurt', 'Participate in a comprehensive language and culture program in Frankfurt, offering insights into Vietnam''s rapid growth.', 21, 'Traditional Study Abroad', 21),
(22, 'Hamburg', 'Experience Hamburg through the lens of political science and economics, understanding the Latin American context.', 22, 'Semester.in', 22),
(23, 'Cologne', 'Participate in wildlife conservation efforts in Cologne, focusing on ecosystem management and biology studies.', 23, 'Dialogue of Civilizations', 23),
(24, 'Düsseldorf', 'Experience innovation in Düsseldorf with a focus on startups, venture capital, and entrepreneurship.', 24, 'Dialogue of Civilizations', 24),
(25, 'Leipzig', 'Study fashion and culture in the bustling city of Leipzig, a global hub for design and creativity.', 25, 'Traditional Study Abroad', 25),
(26, 'Bordeaux', 'Participate in Bordeaux''s economic growth story with a focus on entrepreneurship and international business.', 26, 'Semester.in', 26),
(27, 'Nice', 'Explore Nice''s approach to sustainability with courses in renewable energy and environmental management.', 27, 'Traditional Study Abroad', 27),
(28, 'Lyon', 'Dive into the rich cultural scene of Lyon with courses in music, history, and the arts.', 28, 'NU.in', 28),
(29, 'Marseille', 'Study fashion and culture in the bustling city of Marseille, a global hub for design and creativity.', 29, 'Dialogue of Civilizations', 29),
(30, 'Naples', 'Experience the unique blend of tradition and modernity in Naples with courses in history, culture, and politics.', 30, 'Traditional Study Abroad', 30),
(31, 'Milan', 'Dive into the history and business environment of Milan with a focus on international finance and management practices.', 31, 'Dialogue of Civilizations', 31),
(32, 'Florence', 'Participate in our intensive Italian studies program in Florence, focusing on history, politics, and contemporary culture.', 32, 'Traditional Study Abroad', 32),
(33, 'Venice', 'Explore the art and culture of Venice while enhancing your Italian language skills in this 6-month immersive program.', 33, 'Semester.in', 33),
(34, 'Turin', 'Discover the ancient history of Turin while participating in archaeological digs and classical studies.', 34, 'Traditional Study Abroad', 34),
(35, 'Prague', 'Explore the digital landscape of Prague with courses in the latest technology trends and business practices.', 35, 'Semester.in', 35),
(36, 'Vienna', 'Join the vibrant arts community in Vienna with courses in digital media and technology innovation.', 36, 'Semester.in', 36),
(37, 'Budapest', 'Join our culinary adventure in Budapest and learn traditional Hungarian cooking techniques alongside language courses.', 37, 'Semester.in', 37),
(38, 'Luxembourg City', 'Investigate the advancements in AI and robotics in Luxembourg City, alongside industry leaders and academic mentors.', 38, 'Dialogue of Civilizations', 38),
(39, 'Reykjavík', 'Immerse yourself in the healthcare system of Reykjavík, with practical sessions in public health and medical ethics.', 39, 'NU.in', 39),
(40, 'Tallinn', 'Experience Tallinn through the lens of political science and economics, understanding the Latin American context.', 40, 'Semester.in', 40),
(41, 'Vilnius', 'Analyze the economic landscape of Vilnius while studying international economics and development.', 41, 'Dialogue of Civilizations', 41),
(42, 'Riga', 'Join our technical innovation program in Riga, focusing on software development and data analytics.', 42, 'Dialogue of Civilizations', 42),
(43, 'Sofia', 'Investigate the advancements in AI and robotics in Sofia, alongside industry leaders and academic mentors.', 43, 'Semester.in', 43),
(44, 'Bucharest', 'Join our technical innovation program in Bucharest, focusing on software development and data analytics.', 44, 'NU.in', 44),
(45, 'Warsaw', 'Participate in Warsaw''s economic growth story with a focus on entrepreneurship and international business.', 45, 'Semester.in', 45),
(46, 'Bratislava', 'Live and learn in Bratislava while exploring central and Eastern European studies through a historical lens.', 46, 'Traditional Study Abroad', 46),
(47, 'Ljubljana', 'Analyze the economic landscape of Ljubljana while studying international economics and development.', 47, 'Dialogue of Civilizations', 47),
(48, 'Zagreb', 'Engage with the ecological diversity of Zagreb while studying environmental science and policy in the Australian context.', 48, 'Traditional Study Abroad', 48),
(49, 'Belgrade', 'Experience the unique blend of tradition and modernity in Belgrade with courses in history, culture, and politics.', 49, 'Dialogue of Civilizations', 49),
(50, 'Sarajevo', 'Immerse yourself in the healthcare system of Sarajevo, with practical sessions in public health and medical ethics.', 50, 'Traditional Study Abroad', 50),
(51, 'Skopje', 'Analyze the economic landscape of Skopje while studying international economics and development.', 51, 'NU.in', 51),
(52, 'Tirana', 'Experience Tirana through the lens of political science and economics, understanding the Latin American context.', 52, 'Dialogue of Civilizations', 52),
(53, 'Podgorica', 'Participate in wildlife conservation efforts in Podgorica, focusing on ecosystem management and biology studies.', 53, 'NU.in', 53),
(54, 'Pristina', 'Join our technical innovation program in Pristina, focusing on software development and data analytics.', 54, 'NU.in', 54),
(55, 'San Marino', 'Study marine biology in the coastal city of San Marino and engage with local conservation projects.',55, 'Traditional Study Abroad', 55),
(56,'Vaduz', 'Dive into the rich cultural scene of Vaduz with courses in music, history, and the arts.' ,56, 'Semester.in' ,56);


# for ratings

INSERT INTO Rating (ratingID, programID, sID, datePosted, locRating, profRating, atmosphereRating, comment) VALUES
(1, 45, 66, '2024-04-28 09:54:03', 3, 1, 3, 'Warsaw\'s program offered the perfect blend of modern studies and historical insights.'),
(2, 31, 24, '2024-11-12 01:26:58', 1, 4, 4, 'I had the best time of my life studying marine biology in Milan.'),
(3, 25, 76, '2023-12-04 14:41:14', 3, 3, 5, 'The Leipzig program was immersive and full of diverse learning opportunities.'),
(4, 49, 25, '2024-02-23 06:30:09', 1, 5, 3, 'I had the best time of my life studying marine biology in Zagreb.'),
(5, 23, 63, '2023-12-22 03:55:57', 3, 4, 2, 'Studying in Cologne allowed me to improve my German and learn about Germany\'s history.'),
(6, 14, 83, '2024-01-26 03:45:28', 2, 5, 2, 'Madrid\'s program offered the perfect blend of modern studies and historical insights.'),
(7, 6, 80, '2024-11-22 02:35:38', 1, 2, 3, 'Berlin\'s program offered the perfect blend of modern studies and historical insights.'),
(8, 23, 14, '2024-05-10 03:13:37', 2, 2, 3, 'Cologne\'s program combined education with the joy of German festivals.'),
(9, 56, 61, '2024-02-15 15:34:48', 1, 1, 2, 'A semester in Vaduz introduced me to the rich Liechtenstein traditions and festivity.'),
(10, 43, 76, '2024-02-07 03:56:47', 5, 5, 1, 'Sofia\'s academic and social environment broadened my perspective.'),
(11, 35, 67, '2024-06-03 05:39:13', 3, 2, 1, 'Prague provided a unique insight into European liberal arts education.'),
(12, 50, 13, '2024-02-16 09:39:48', 1, 1, 2, 'Sarajevo\'s vibrant culture made my study abroad experience unforgettable.'),
(13, 46, 94, '2024-10-22 06:46:25', 5, 5, 1, 'The Bratislava architecture program was inspiring and very hands-on.'),
(14, 14, 72, '2024-05-12 20:21:38', 4, 2, 4, 'The Madrid architecture program was inspiring and very hands-on.'),
(15, 30, 74, '2023-12-15 02:10:27', 2, 4, 2, 'The hospitality in Naples was unmatched, and I learned so much about Italian business.'),
(16, 48, 70, '2024-10-07 02:39:52', 1, 4, 2, 'Exploring wildlife conservation in Zagreb was eye-opening.'),
(17, 5, 71, '2024-09-10 15:26:51', 5, 2, 5, 'Exploring wildlife conservation in Paris was eye-opening.'),
(18, 29, 17, '2024-01-24 07:44:48', 2, 2, 5, 'Marseille\'s educational approach is innovative and engaging, with amazing weekend trips.'),
(19, 46, 95, '2024-08-28 09:55:24', 2, 1, 3, 'Bratislava\'s academic and social environment broadened my perspective.'),
(20, 20, 42, '2024-07-03 02:28:03', 3, 5, 5, 'The program in Stuttgart was challenging but extremely rewarding.'),
(21, 48, 79, '2024-07-20 18:32:55', 2, 3, 1, 'Studying in Zagreb helped me improve my Croatia language skills significantly.'),
(22, 44, 60, '2024-07-24 23:39:01', 1, 5, 3, 'Bucharest\'s program on international relations is top-notch.'),
(23, 47, 93, '2024-09-19 21:48:26', 2, 2, 3, 'Ljubljana\'s program on international relations is top-notch.'),
(24, 33, 75, '2024-09-24 09:25:13', 3, 2, 4, 'Florence\'s program combined education with the joy of Brazilian festivals.'),
(25, 53, 30, '2024-04-27 14:48:57', 3, 1, 4, 'The program in Tirana was a life-changing experience. I learned so much about art and culture!'),
(26, 55, 30, '2024-05-15 19:17:47', 4, 1, 3, 'Studying in Pristina helped me improve my language skills significantly.'),
(27, 9, 60, '2024-07-26 10:02:02', 5, 2, 1, 'Dublin\'s academic and social environment broadened my perspective.'),
(28, 27, 79, '2024-10-22 18:55:46', 5, 3, 2, 'Nice\'s vibrant culture made my study abroad experience unforgettable.'),
(29, 8, 12, '2024-01-18 15:16:24', 3, 2, 5, 'My study in Dublin was a fascinating blend of academics and local culture.'),
(30, 25, 94, '2024-09-16 00:17:32', 2, 5, 5, 'The hospitality in Leipzig was unmatched, and I learned so much about German business.'),
(31, 41, 8, '2024-07-05 23:16:03', 3, 3, 1, 'Vilnius\'s program on international relations is top-notch.'),
(32, 30, 95, '2024-08-30 08:30:31', 2, 3, 4, 'A semester in Naples introduced me to the rich Italian traditions and festivity.'),
(33, 56, 26, '2024-07-09 17:59:56', 5, 5, 1, 'The Vaduz program was immersive and full of diverse learning opportunities.'),
(34, 56, 4, '2024-11-09 06:44:36', 4, 5, 4, 'The hospitality in Vaduz was unmatched, and I learned so much about Liechtenstein business.'),
(35, 30, 22, '2024-04-03 12:18:07', 4, 3, 5, 'Naples provided a unique insight into European liberal arts education.'),
(36, 23, 57, '2024-07-29 01:19:32', 3, 2, 4, 'Studying in Cologne allowed me to improve my German and learn about Germany\'s history.'),
(37, 32, 58, '2024-05-29 08:13:26', 3, 2, 5, 'Studying in Florence helped me improve my Italian language skills significantly.'),
(38, 50, 87, '2024-02-25 11:55:54', 2, 1, 5, 'Sarajevo\'s academic and social environment broadened my perspective.'),
(39, 21, 98, '2024-07-31 04:32:26', 3, 5, 3, 'The program in Frankfurt was challenging but extremely rewarding.'),
(40, 40, 13, '2024-05-02 08:03:37', 2, 2, 4, 'Tallinn\'s program offered the perfect blend of modern studies and historical insights.'),
(41, 28, 38, '2024-02-29 01:38:40', 2, 5, 2, 'Exploring wildlife conservation in Lyon was eye-opening.'),
(42, 49, 78, '2024-03-10 08:25:54', 2, 2, 5, 'The program in Belgrade was a life-changing experience. I learned so much about the culture!')
(43, 33, 4, '2024-03-30 00:03:12', 2, 3, 1, 'Studying in Venice allowed me to improve my Italian and learn about Italy\'s history.'),
(44, 6, 87, '2024-09-08 11:49:18', 4, 4, 2, 'My study in Berlin was a fascinating blend of academics and local culture.'),
(45, 26, 6, '2023-12-04 22:24:25', 2, 1, 1, 'Bordeaux\'s educational approach is innovative and engaging, with amazing weekend trips.'),
(46, 28, 3, '2024-10-11 08:10:57', 2, 5, 2, 'Lyon\'s program on international relations is top-notch.'),
(47, 33, 51, '2023-12-22 14:26:52', 5, 3, 5, 'Studying psychology in Venice offered diverse perspectives and methodologies.'),
(48, 20, 80, '2024-03-30 03:42:44', 4, 2, 5, 'Studying in Stuttgart allowed me to improve my German and learn about Germany\'s history.'),
(49, 56, 82, '2024-11-15 11:19:13', 2, 3, 2, 'The program in Vaduz was challenging but extremely rewarding.'),
(50, 1, 43, '2024-01-21 05:54:02', 1, 3, 2, 'I had the best time of my life studying marine biology in Vienna.'),
(51, 30, 91, '2024-09-30 06:21:45', 2, 4, 1, 'Naples\'s vibrant culture made my study abroad experience unforgettable.'),
(52, 24, 73, '2024-07-13 09:02:04', 5, 2, 3, 'The Düsseldorf program was immersive and full of diverse learning opportunities.'),
(53, 27, 68, '2024-06-06 01:43:22', 3, 4, 2, 'Studying in Nice allowed me to improve my French and learn about France\'s history.'),
(54, 50, 14, '2024-03-14 11:31:07', 3, 1, 5, 'Studying in Belgrade was an eye-opening experience in wildlife conservation.'),
(55, 41, 56, '2024-02-18 08:52:34', 2, 4, 5, 'Exploring wildlife conservation in Vilnius was eye-opening.'),
(56, 12, 84, '2024-01-16 18:28:15', 4, 3, 2, 'Warsaw\'s program offered the perfect blend of modern studies and historical insights.'),
(57, 50, 77, '2024-11-01 12:06:39', 2, 5, 1, 'The program in Sarajevo was a life-changing experience. I learned so much about art and culture!'),
(58, 42, 24, '2024-07-18 02:03:53', 4, 2, 3, 'Studying psychology in Riga offered diverse perspectives and methodologies.'),
(59, 47, 82, '2024-05-01 01:27:22', 5, 3, 1, 'The program in Ljubljana was a life-changing experience. I learned so much about art and culture!'),
(60, 25, 33, '2024-04-23 10:39:58', 1, 3, 5, 'I had the best time of my life studying marine biology in Leipzig.'),
(61, 52, 25, '2024-09-27 04:42:08', 3, 2, 3, 'Tirana\'s program on international relations is top-notch.'),
(62, 31, 51, '2024-08-13 01:51:02', 5, 4, 2, 'The Milan program was immersive and full of diverse learning opportunities.'),
(63, 14, 42, '2024-10-14 08:50:26', 4, 5, 1, 'The program in Madrid was a life-changing experience. I learned so much about art and culture!'),
(64, 43, 95, '2024-09-11 06:22:31', 3, 2, 4, 'The program in Sofia was challenging but extremely rewarding.'),
(65, 29, 84, '2024-11-14 02:10:43', 4, 2, 5, 'Marseille\'s vibrant culture made my study abroad experience unforgettable.'),
(66, 24, 32, '2024-04-09 04:15:19', 3, 5, 4, 'The Düsseldorf architecture program was inspiring and very hands-on.'),
(67, 41, 23, '2024-11-10 11:57:46', 5, 5, 3, 'Vilnius\'s program on international relations is top-notch.'),
(68, 33, 50, '2024-06-24 10:36:39', 2, 3, 5, 'Studying in Venice allowed me to improve my Spanish and learn about Argentina\'s history.'),
(69, 52, 30, '2024-09-29 03:04:55', 5, 2, 4, 'The program in Tirana was a life-changing experience. I learned so much about art and culture!'),
(70, 25, 66, '2024-07-12 00:45:33', 3, 3, 4, 'Studying psychology in Leipzig offered diverse perspectives and methodologies.'),
(71, 44, 62, '2024-11-04 07:20:39', 5, 4, 2, 'The program in Bucharest was challenging but extremely rewarding.'),
(72, 10, 17, '2024-04-14 07:13:03', 4, 1, 3, 'Rome\'s program offered the perfect blend of modern studies and historical insights.'),
(73, 48, 38, '2024-08-19 13:41:22', 2, 5, 1, 'The program in Zagreb was a life-changing experience. I learned so much about art and culture!'),
(74, 13, 72, '2024-10-08 14:35:12', 3, 4, 3, 'Lisbon\'s educational approach is innovative and engaging, with amazing weekend trips.'),
(75, 40, 55, '2024-07-17 16:57:42', 3, 1, 4, 'Tallinn\'s program on international relations is top-notch.'),
(76, 31, 85, '2024-02-12 02:04:55', 2, 3, 5, 'The hospitality in Milan was unmatched, and I learned so much about Italian business.'),
(77, 20, 14, '2024-03-24 16:56:38', 3, 2, 3, 'The program in Stuttgart was challenging but extremely rewarding.'),
(78, 12, 13, '2024-10-29 07:24:31', 4, 4, 1, 'My study in Warsaw was a fascinating blend of academics and local culture.'),
(79, 12, 64, '2024-05-09 18:31:02', 3, 3, 2, 'Studying in Warsaw allowed me to improve my Polish and learn about Poland\'s history.'),
(80, 30, 22, '2024-08-24 12:48:10', 2, 4, 3, 'The program in Naples was a life-changing experience. I learned so much about art and culture!'),
(81, 33, 16, '2024-03-03 02:16:09', 1, 2, 5, 'Studying psychology in Venice offered diverse perspectives and methodologies.'),
(82, 39, 41, '2024-06-11 11:21:42', 5, 4, 2, 'The program in Reykjavík was challenging but extremely rewarding.'),
(83, 33, 60, '2024-04-05 07:37:51', 3, 1, 4, 'The Venice architecture program was inspiring and very hands-on.'),
(84, 27, 29, '2024-11-05 19:50:22', 5, 5, 2, 'Nice\'s program on international relations is top-notch.'),
(85, 31, 79, '2024-09-03 00:55:31', 2, 3, 1, 'The Milan program was immersive and full of diverse learning opportunities.'),
(86, 56, 11, '2024-07-07 02:40:16', 4, 3, 2, 'Studying in Vaduz allowed me to improve my Spanish and learn about Argentina\'s history.'),
(87, 14, 78, '2024-06-22 09:56:18', 3, 5, 1, 'Studying psychology in Madrid offered diverse perspectives and methodologies.'),
(88, 12, 48, '2024-04-02 10:21:12', 2, 1, 5, 'Studying in Warsaw was an eye-opening experience in wildlife conservation.'),
(89, 44, 19, '2024-09-26 08:47:39', 3, 3, 5, 'The program in Bucharest was a life-changing experience. I learned so much about art and culture!'),
(90, 13, 40, '2024-01-25 01:19:57', 4, 5, 3, 'The hospitality in Lisbon was unmatched, and I learned so much about Portugese business.'),
(91, 26, 11, '2024-03-20 09:35:41', 5, 3, 5, 'Bordeaux\'s program on international relations is top-notch.'),
(92, 41, 9, '2024-08-20 05:47:25', 2, 1, 4, 'Studying psychology in Vilnius offered diverse perspectives and methodologies.'),
(93, 38, 54, '2024-04-10 14:06:01', 3, 5, 2, 'Studying marine biology in Luxembourg City was one of the best experiences of my life.'),
(94, 28, 92, '2024-07-19 02:51:16', 4, 2, 5, 'The program in Lyon was a life-changing experience. I learned so much about art and culture!'),
(95, 49, 34, '2024-06-28 07:03:09', 1, 4, 3, 'Studying in Belgrade was a fascinating blend of academics and local culture.'),
(96, 18, 72, '2024-09-17 06:26:44', 2, 5, 1, 'The Barcelona architecture program was inspiring and very hands-on.'),
(97, 7, 68, '2024-11-25 13:21:37', 5, 2, 4, 'The program in Athens was challenging but extremely rewarding.'),
(98, 3, 91, '2024-06-10 16:47:53', 3, 2, 3, 'The program in Copenhagen was challenging but extremely rewarding.'),
(99, 4, 87, '2024-04-08 11:14:30', 4, 1, 2, 'Helsinki\'s program offered the perfect blend of modern studies and historical insights.'),
(100, 11, 55, '2024-02-21 17:40:31', 5, 3, 5, 'Studying psychology in Oslo offered diverse perspectives and methodologies.');

# inserts for Alerts
INSERT INTO Alerts (alertID, locationID, message, datePosted)
VALUES
(1, 51, 'Water supply interruption scheduled for tomorrow between 9 AM and 4 PM.', '2024-05-04 01:22:10'),
(2, 42, 'Flash flood warning in effect. Avoid low-lying areas and seek higher ground.', '2024-09-28 00:58:59'),
(3, 39, 'Transportation strike announced. Expect disruptions in public transit services.', '2024-08-07 18:26:35'),
(4, 35, 'Lightning warning issued. Stay indoors and avoid open fields or elevated places.', '2024-07-19 01:25:56'),
(5, 21, 'Reminder: Curfew in place from 11 PM to 5 AM for safety reasons.', '2024-06-27 04:47:44'),
(6, 6, 'Cultural event postponed due to organizer issues. New date to be announced soon.', '2024-03-29 18:30:26'),
(7, 17, 'Sudden drop in temperature expected tonight. Dress warmly and take precautions for icy roads.', '2023-12-31 06:05:33'),
(8, 9, 'Typhoon warning: Stock up on essentials and stay updated on weather conditions.', '2024-03-06 07:23:30'),
(9, 9, 'Sudden drop in temperature expected tonight. Dress warmly and take precautions for icy roads.', '2024-01-19 03:21:08'),
(10, 20, 'Sudden drop in temperature expected tonight. Dress warmly and take precautions for icy roads.', '2024-01-18 06:28:30'),
(11, 56, 'Extreme heat alert issued. Cooling centers available at designated locations.', '2024-03-25 07:58:39'),
(12, 33, 'Sudden drop in temperature expected tonight. Dress warmly and take precautions for icy roads.', '2024-11-01 18:18:34'),
(13, 3, 'Concert in the park cancelled due to unexpected weather conditions.', '2023-12-14 18:14:30'),
(14, 23, 'Concert in the park cancelled due to unexpected weather conditions.', '2024-07-18 06:05:14'),
(15, 39, 'Transportation strike announced. Expect disruptions in public transit services.', '2024-10-04 14:29:30'),
(16, 39, 'Security incident reported in the vicinity. Avoid the area and follow local guidance.', '2024-07-24 12:38:42'),
(17, 52, 'Classes moved online due to power outage. Check your email for further instructions.', '2024-06-01 07:23:51'),
(18, 40, 'Online scam alert: Be wary of unsolicited emails asking for personal information.', '2024-07-25 06:43:10'),
(19, 31, 'Protest march expected downtown. Plan your travel accordingly and avoid affected roads.', '2024-08-02 11:59:43'),
(20, 40, 'Fire drill scheduled for 3 PM today. Proceed to the nearest exit when alarm sounds.', '2024-09-24 21:23:03'),
(21, 41, 'Air quality alert: High levels of pollution expected. Limit outdoor activities.', '2024-08-01 09:47:45'),
(22, 50, 'Water supply interruption scheduled for tomorrow between 9 AM and 4 PM.', '2024-09-15 13:43:16'),
(23, 41, 'Concert in the park cancelled due to unexpected weather conditions.', '2024-07-09 07:07:52'),
(24, 37, 'Sudden drop in temperature expected tonight. Dress warmly and take precautions for icy roads.', '2024-05-08 04:09:08'),
(25, 27, 'Sudden drop in temperature expected tonight. Dress warmly and take precautions for icy roads.', '2024-06-09 19:03:36'),
(26, 60, 'Reminder: Curfew in place from 11 PM to 5 AM for safety reasons.', '2024-11-23 18:28:09'),
(27, 18, 'Classes moved online due to power outage. Check your email for further instructions.', '2024-03-12 20:44:01'),
(28, 37, 'Heatwave expected over the next few days. Stay hydrated and avoid excessive outdoor activities.', '2024-07-09 07:51:56'),
(29, 20, 'Transportation strike announced. Expect disruptions in public transit services.', '2024-03-24 16:08:11'),
(30, 43, 'Reminder: Curfew in place from 11 PM to 5 AM for safety reasons.', '2024-08-11 14:14:48'),
(31, 29, 'Typhoon warning: Stock up on essentials and stay updated on weather conditions.', '2024-05-19 09:48:39'),
(32, 58, 'Reminder: Curfew in place from 11 PM to 5 AM for safety reasons.', '2024-11-11 14:42:52'),
(33, 46, 'Extreme heat alert issued. Cooling centers available at designated locations.', '2024-08-29 21:49:25'),
(34, 10, 'Classes moved online due to power outage. Check your email for further instructions.', '2024-01-23 01:25:15'),
(35, 25, 'Typhoon warning: Stock up on essentials and stay updated on weather conditions.', '2024-04-26 03:23:21'),
(36, 12, 'Typhoon warning: Stock up on essentials and stay updated on weather conditions.', '2024-02-02 21:15:32'),
(37, 35, 'Reminder: Curfew in place from 11 PM to 5 AM for safety reasons.', '2024-06-23 08:00:32'),
(38, 56, 'Protest march expected downtown. Plan your travel accordingly and avoid affected roads.', '2024-11-02 23:09:46'),
(39, 37, 'Protest march expected downtown. Plan your travel accordingly and avoid affected roads.', '2024-07-04 10:40:28'),
(40, 40, 'Classes moved online due to power outage. Check your email for further instructions.', '2024-07-24 08:58:46'),
(41, 40, 'Fire drill scheduled for 3 PM today. Proceed to the nearest exit when alarm sounds.', '2024-07-22 18:33:22'),
(42, 23, 'Fire drill scheduled for 3 PM today. Proceed to the nearest exit when alarm sounds.', '2024-04-12 10:52:50'),
(43, 29, 'Typhoon warning: Stock up on essentials and stay updated on weather conditions.', '2024-05-17 16:01:08'),
(44, 13, 'Typhoon warning: Stock up on essentials and stay updated on weather conditions.', '2024-02-08 17:23:27'),
(45, 18, 'Security incident reported in the vicinity. Avoid the area and follow local guidance.', '2024-02-14 04:29:18'),
(46, 20, 'Fire drill scheduled for 3 PM today. Proceed to the nearest exit when alarm sounds.', '2024-03-15 12:07:13'),
(47, 22, 'All classes cancelled due to heavy snowfall. Stay safe and warm.', '2024-03-26 20:17:59'),
(48, 31, 'Protest march expected downtown. Plan your travel accordingly and avoid affected roads.', '2024-04-04 23:16:22'),
(49, 27, 'Reminder: Curfew in place from 11 PM to 5 AM for safety reasons.', '2024-05-28 20:34:55'),
(50, 24, 'Water supply interruption scheduled for tomorrow between 9 AM and 4 PM.', '2024-05-07 17:35:27'),
(51, 24, 'Online scam alert: Be wary of unsolicited emails asking for personal information.', '2024-04-09 14:18:26'),
(52, 49, 'Lightning warning issued. Stay indoors and avoid open fields or elevated places.', '2024-04-20 14:51:35'),
(53, 28, 'Protest march expected downtown. Plan your travel accordingly and avoid affected roads.', '2024-04-16 21:27:17'),
(54, 31, 'Extreme heat alert issued. Cooling centers available at designated locations.', '2024-09-19 17:28:23'),
(55, 32, 'Protest march expected downtown. Plan your travel accordingly and avoid affected roads.', '2024-05-11 03:58:23'),
(56, 47, 'Fire drill scheduled for 3 PM today. Proceed to the nearest exit when alarm sounds.', '2024-06-03 10:23:24'),
(57, 12, 'Online scam alert: Be wary of unsolicited emails asking for personal information.', '2024-06-07 08:20:03'),
(58, 47, 'Security incident reported in the vicinity. Avoid the area and follow local guidance.', '2024-04-09 19:22:50'),
(59, 29, 'Reminder: Curfew in place from 11 PM to 5 AM for safety reasons.', '2024-09-03 22:52:27'),
(60, 36, 'Typhoon warning: Stock up on essentials and stay updated on weather conditions.', '2024-09-27 16:43:38'),
(61, 11, 'Air quality alert: High levels of pollution expected. Limit outdoor activities.', '2024-02-05 11:03:01'),
(62, 11, 'Extreme heat alert issued. Cooling centers available at designated locations.', '2024-09-06 20:39:04'),
(63, 31, 'All classes cancelled due to heavy snowfall. Stay safe and warm.', '2024-05-17 19:38:07'),
(64, 21, 'Cultural event postponed due to organizer issues. New date to be announced soon.', '2024-06-30 19:53:24'),
(65, 18, 'Protest march expected downtown. Plan your travel accordingly and avoid affected roads.', '2024-01-28 20:57:24'),
(66, 15, 'Fire drill scheduled for 3 PM today. Proceed to the nearest exit when alarm sounds.', '2024-02-01 06:30:17'),
(67, 32, 'Fire drill scheduled for 3 PM today. Proceed to the nearest exit when alarm sounds.', '2024-05-31 13:28:14'),
(68, 43, 'Air quality alert: High levels of pollution expected. Limit outdoor activities.', '2024-04-03 05:43:29'),
(69, 11, 'Flash flood warning in effect. Avoid low-lying areas and seek higher ground.', '2024-03-11 09:38:56'),
(70, 8, 'Extreme heat alert issued. Cooling centers available at designated locations.', '2024-02-22 15:29:32'),
(71, 46, 'Classes moved online due to power outage. Check your email for further instructions.', '2024-06-08 19:43:39'),
(72, 23, 'Extreme heat alert issued. Cooling centers available at designated locations.', '2024-08-13 06:16:26'),
(73, 34, 'Security incident reported in the vicinity. Avoid the area and follow local guidance.', '2024-01-12 20:11:23'),
(74, 58, 'Water supply interruption scheduled for tomorrow between 9 AM and 4 PM.', '2024-08-31 23:20:06'),
(75, 54, 'Heatwave expected over the next few days. Stay hydrated and avoid excessive outdoor activities.', '2024-04-13 13:49:47'),
(76, 56, 'Transportation strike announced. Expect disruptions in public transit services.', '2024-06-18 15:22:24'),
(77, 46, 'Classes moved online due to power outage. Check your email for further instructions.', '2024-11-12 07:55:13'),
(78, 50, 'Concert in the park cancelled due to unexpected weather conditions.', '2024-01-21 08:55:13'),
(79, 33, 'All classes cancelled due to heavy snowfall. Stay safe and warm.', '2024-10-19 17:09:18'),
(80, 47, 'Typhoon warning: Stock up on essentials and stay updated on weather conditions.', '2024-10-30 09:57:35'),
(81, 11, 'All classes cancelled due to heavy snowfall. Stay safe and warm.', '2024-08-28 20:16:22'),
(82, 54, 'Concert in the park cancelled due to unexpected weather conditions.', '2024-09-25 21:58:09'),
(83, 58, 'Fire drill scheduled for 3 PM today. Proceed to the nearest exit when alarm sounds.', '2024-06-14 23:19:49'),
(84, 44, 'Reminder: Curfew in place from 11 PM to 5 AM for safety reasons.', '2024-09-04 02:14:00'),
(85, 23, 'Fire drill scheduled for 3 PM today. Proceed to the nearest exit when alarm sounds.', '2024-11-21 08:53:41'),
(86, 32, 'Online scam alert: Be wary of unsolicited emails asking for personal information.', '2024-02-01 20:46:59'),
(87, 25, 'Flash flood warning in effect. Avoid low-lying areas and seek higher ground.', '2024-10-19 22:26:32'),
(88, 50, 'Security incident reported in the vicinity. Avoid the area and follow local guidance.', '2024-11-13 05:27:22'),
(89, 8, 'Heatwave expected over the next few days. Stay hydrated and avoid excessive outdoor activities.', '2024-08-16 02:45:29'),
(90, 53, 'Extreme heat alert issued. Cooling centers available at designated locations.', '2024-04-10 19:39:42'),
(91, 59, 'Air quality alert: High levels of pollution expected. Limit outdoor activities.', '2024-06-06 13:23:24'),
(92, 47, 'Air quality alert: High levels of pollution expected. Limit outdoor activities.', '2024-04-25 11:49:38'),
(93, 10, 'Concert in the park cancelled due to unexpected weather conditions.', '2024-09-24 16:03:36'),
(94, 10, 'Typhoon warning: Stock up on essentials and stay updated on weather conditions.', '2024-01-11 08:38:38'),
(95, 25, 'Protest march expected downtown. Plan your travel accordingly and avoid affected roads.', '2024-10-14 20:52:46'),
(96, 16, 'Protest march expected downtown. Plan your travel accordingly and avoid affected roads.', '2024-11-21 04:29:49'),
(97, 42, 'Safety alert: Increase in petty theft incidents. Be cautious of your belongings.', '2024-09-06 20:20:25'),
(98, 50, 'Typhoon warning: Stock up on essentials and stay updated on weather conditions.', '2024-01-26 12:35:56'),
(99, 28, 'Safety alert: Increase in petty theft incidents. Be cautious of your belongings.', '2024-10-15 21:56:48'),
(100, 50, 'Classes moved online due to power outage. Check your email for further instructions.', '2024-01-25 02:52:14');

# inserts for Resources

INSERT INTO Resources (resourceID, locationID, category, lastUpdated)
VALUES
(1, 55, 'FAQs and Troubleshooting', '2024-09-12 18:38:19'),
(2, 32, 'Academic Information', '2024-07-06 20:13:14'),
(3, 57, 'Post-Study Abroad Resources', '2024-04-15 15:16:01'),
(4, 38, 'Travel and Exploration', '2024-03-15 17:30:38'),
(5, 30, 'Travel and Exploration', '2024-04-09 08:12:38'),
(6, 28, 'Cultural and Social Life', '2024-08-26 21:16:01'),
(7, 16, 'Local Information', '2023-12-30 02:45:31'),
(8, 24, 'Cultural and Social Life', '2024-02-26 14:34:52'),
(9, 30, 'Travel and Exploration', '2024-01-11 13:44:14'),
(10, 37, 'Technology and Communication', '2024-07-25 19:02:18'),
(11, 34, 'Health and Wellbeing', '2024-06-23 11:06:44'),
(12, 59, 'Pre-Departure Information', '2024-07-11 18:17:45'),
(13, 11, 'Health and Wellbeing', '2024-06-17 17:00:42'),
(14, 39, 'Student Services', '2024-03-24 12:51:56'),
(15, 58, 'Technology and Communication', '2024-07-24 05:29:27'),
(16, 28, 'Health and Wellbeing', '2024-01-16 18:58:02'),
(17, 32, 'Post-Study Abroad Resources', '2024-04-06 07:18:22'),
(18, 30, 'Financial Resources', '2024-07-26 08:45:26'),
(19, 56, 'Cultural and Social Life', '2024-02-23 18:19:52'),
(20, 47, 'Cultural and Social Life', '2024-06-14 11:50:40'),
(21, 13, 'Travel and Exploration', '2024-08-28 21:15:09'),
(22, 44, 'Health and Wellbeing', '2024-10-25 12:06:18'),
(23, 53, 'Cultural and Social Life', '2023-12-19 08:22:17'),
(24, 49, 'Technology and Communication', '2023-12-30 21:22:24'),
(25, 27, 'Technology and Communication', '2023-12-12 06:05:59'),
(26, 51, 'Travel and Exploration', '2024-08-31 21:42:26'),
(27, 17, 'Local Information', '2024-08-25 08:36:34'),
(28, 54, 'Travel and Exploration', '2024-01-30 02:44:18'),
(29, 53, 'Housing and Accommodation', '2024-01-16 13:09:29'),
(30, 42, 'Local Information', '2024-07-18 20:19:06'),
(31, 22, 'Pre-Departure Information', '2024-10-11 19:02:20'),
(32, 34, 'Financial Resources', '2023-12-13 07:53:01'),
(33, 19, 'Health and Wellbeing', '2024-03-22 01:10:40'),
(34, 47, 'Local Information', '2024-06-29 20:17:43'),
(35, 33, 'Academic Information', '2024-08-30 09:15:24'),
(36, 46, 'Local Information', '2024-05-07 03:14:01'),
(37, 22, 'FAQs and Troubleshooting', '2024-03-16 18:04:47'),
(38, 14, 'Pre-Departure Information', '2024-11-01 17:37:37'),
(39, 48, 'Travel and Exploration', '2024-10-30 15:07:12'),
(40, 8, 'Student Services', '2024-10-01 04:11:38'),
(41, 40, 'Cultural and Social Life', '2023-12-21 01:50:55'),
(42, 11, 'Academic Information', '2023-11-29 03:15:21'),
(43, 46, 'Pre-Departure Information', '2024-07-23 01:09:15'),
(44, 43, 'FAQs and Troubleshooting', '2023-12-01 17:32:22'),
(45, 50, 'Cultural and Social Life', '2024-01-13 10:31:55'),
(46, 8, 'Pre-Departure Information', '2024-09-07 06:31:25'),
(47, 52, 'Local Information', '2024-10-21 13:32:41'),
(48, 60, 'Health and Wellbeing', '2024-06-09 18:52:54'),
(49, 11, 'Pre-Departure Information', '2024-01-27 08:55:33'),
(50, 19, 'Pre-Departure Information', '2024-06-28 10:49:27'),
(51, 38, 'Financial Resources', '2024-06-24 11:18:55'),
(52, 8, 'Student Services', '2024-10-24 03:28:36'),
(53, 49, 'Cultural and Social Life', '2024-07-05 09:53:15'),
(54, 57, 'Technology and Communication', '2024-06-24 22:22:27'),
(55, 40, 'Housing and Accommodation', '2024-10-25 13:51:33'),
(56, 19, 'Housing and Accommodation', '2024-07-28 06:10:33'),
(57, 24, 'Housing and Accommodation', '2024-05-10 00:54:38'),
(58, 1, 'Technology and Communication', '2023-12-04 11:20:35'),
(59, 33, 'Post-Study Abroad Resources', '2023-12-27 23:24:01'),
(60, 43, 'Technology and Communication', '2024-03-09 22:20:21'),
(61, 17, 'Housing and Accommodation', '2024-05-12 03:46:07'),
(62, 59, 'FAQs and Troubleshooting', '2024-10-31 01:11:48'),
(63, 1, 'Technology and Communication', '2024-02-26 18:27:03'),
(64, 53, 'Local Information', '2024-06-06 13:30:35'),
(65, 4, 'Student Services', '2024-09-03 11:02:44'),
(66, 41, 'Technology and Communication', '2024-08-13 02:47:16'),
(67, 55, 'Technology and Communication', '2024-06-06 15:18:03'),
(68, 56, 'Technology and Communication', '2024-04-06 23:14:19'),
(69, 7, 'Financial Resources', '2023-12-18 14:23:25'),
(70, 18, 'Post-Study Abroad Resources', '2024-07-29 18:18:47'),
(71, 26, 'Financial Resources', '2024-03-15 00:58:23'),
(72, 3, 'Technology and Communication', '2024-08-28 07:30:02'),
(73, 46, 'FAQs and Troubleshooting', '2024-03-01 05:14:10'),
(74, 13, 'Technology and Communication', '2023-12-23 22:53:06'),
(75, 41, 'FAQs and Troubleshooting', '2024-10-12 13:41:40'),
(76, 19, 'Health and Wellbeing', '2024-05-29 04:51:37'),
(77, 31, 'Financial Resources', '2024-05-25 02:30:10'),
(78, 47, 'Local Information', '2024-05-19 00:49:49'),
(79, 3, 'Local Information', '2024-04-13 12:14:53'),
(80, 54, 'Cultural and Social Life', '2024-03-17 12:26:14'),
(81, 30, 'Financial Resources', '2024-07-05 04:54:31'),
(82, 12, 'Student Services', '2024-10-22 08:23:52'),
(83, 19, 'Post-Study Abroad Resources', '2024-02-15 22:15:25'),
(84, 59, 'Technology and Communication', '2024-10-23 03:31:34'),
(85, 58, 'Financial Resources', '2023-12-03 08:00:35'),
(86, 7, 'Health and Wellbeing', '2024-04-04 13:47:48'),
(87, 5, 'Financial Resources', '2024-01-11 17:48:01'),
(88, 34, 'Academic Information', '2024-09-19 04:25:41'),
(89, 48, 'Pre-Departure Information', '2024-04-27 11:35:42'),
(90, 14, 'Local Information', '2024-08-01 01:42:47'),
(91, 33, 'Post-Study Abroad Resources', '2024-04-30 09:46:22'),
(92, 19, 'Health and Wellbeing', '2024-01-06 13:09:53'),
(93, 45, 'Pre-Departure Information', '2024-04-07 09:32:45'),
(94, 13, 'FAQs and Troubleshooting', '2024-03-16 04:12:18'),
(95, 44, 'Post-Study Abroad Resources', '2024-11-13 23:32:40'),
(96, 3, 'Local Information', '2024-10-14 16:13:33'),
(97, 10, 'Local Information', '2024-08-22 16:21:25'),
(98, 45, 'Cultural and Social Life', '2024-10-22 13:50:56'),
(99, 58, 'Academic Information', '2024-05-27 19:10:16'),
(100, 35, 'Local Information', '2023-12-26 04:13:32');


# inserts for Courses
INSERT INTO Courses (courseID, courseName, courseDescription, programID, professorID) VALUES
(1, 'World History: Ancient to Medieval', 'Examine the major civilizations, events, and cultural developments from the ancient world to the medieval period.', 19, 1),
(2, 'Introduction to Literature', 'Analyze various literary forms, themes, and techniques, exploring works from diverse periods and cultures.', 52, 2),
(3, 'Introduction to Psychology', 'Explore the fundamentals of human behavior, thought processes, and emotions through scientific research and analysis.', 2, 3),
(4, 'Introduction to Psychology', 'Explore the fundamentals of human behavior, thought processes, and emotions through scientific research and analysis.', 20, 4),
(5, 'Calculus I', 'Study the concepts of limits, derivatives, and integrals, laying the foundation for advanced mathematical courses.', 50, 5),
(6, 'Principles of Economics', 'Learn the basics of micro and macroeconomic theory and analysis, focusing on how markets function and economies operate.', 37, 6),
(7, 'Physics I: Mechanics', 'Explore the basic principles of physics with a focus on motion, forces, and energy.', 15, 7),
(8, 'Psychology of Learning', 'Delve into the theories and applications of how humans learn and retain information.', 51, 8),
(9, 'Introduction to Sociology', 'Understand the social world and human behavior in a societal context, examining social institutions and relationships.', 43, 9),
(10, 'Introduction to Psychology', 'Explore the fundamentals of human behavior, thought processes, and emotions through scientific research and analysis.', 39, 10),
(11, 'Art History: Renaissance to Modern', 'Study significant movements in art from the Renaissance to modern times, understanding historical context and artistic techniques.', 17, 11),
(12, 'Introduction to Political Science', 'Explore the fundamentals of political systems, theories, and the role of government in society.', 18, 12),
(13, 'Human Anatomy and Physiology', 'Study the structure and function of the human body, covering the major systems and organs.', 41, 13),
(14, 'Biology 101', 'Discover the principles of biology, covering cell structure, functions, genetics, evolution, and ecology.', 7, 14),
(15, 'Introduction to Literature', 'Analyze various literary forms, themes, and techniques, exploring works from diverse periods and cultures.', 48, 15),
(16, 'General Chemistry', 'Learn the foundational principles of chemistry including atomic structure, chemical bonding, and reactions.', 18, 16),
(17, 'Introduction to Philosophy', 'Examine the central questions of existence, knowledge, and ethics from various philosophical perspectives.', 19, 17),
(18, 'World History: Ancient to Medieval', 'Examine the major civilizations, events, and cultural developments from the ancient world to the medieval period.', 4, 18),
(19, 'Calculus I', 'Study the concepts of limits, derivatives, and integrals, laying the foundation for advanced mathematical courses.', 13, 19),
(20, 'Business Administration Fundamentals', 'Understand the basic principles of business operations, management, and organizational structure.', 9, 20),
(21, 'Human Anatomy and Physiology', 'Study the structure and function of the human body, covering the major systems and organs.', 16, 21),
(22, 'Environmental Science', 'Understand the interaction between humans and the environment, focusing on ecological processes and sustainability.', 17, 22),
(23, 'Modern World Literature', 'Study literary works from the 20th and 21st centuries across various cultures, focusing on themes and narrative forms.', 12, 23),
(24, 'Introduction to Literature', 'Analyze various literary forms, themes, and techniques, exploring works from diverse periods and cultures.', 42, 24),
(25, 'Statistics', 'Learn the basic principles of statistical analysis, focusing on data interpretation and probability theory.', 32, 25),
(26, 'Principles of Economics', 'Learn the basics of micro and macroeconomic theory and analysis, focusing on how markets function and economies operate.', 51, 26),
(27, 'Art History: Renaissance to Modern', 'Study significant movements in art from the Renaissance to modern times, understanding historical context and artistic techniques.', 24, 27),
(28, 'Psychology of Learning', 'Delve into the theories and applications of how humans learn and retain information.', 19, 28),
(29, 'Physics I: Mechanics', 'Explore the basic principles of physics with a focus on motion, forces, and energy.', 40, 29),
(30, 'Calculus I', 'Study the concepts of limits, derivatives, and integrals, laying the foundation for advanced mathematical courses.', 3, 30),
(31, 'Business Administration Fundamentals', 'Understand the basic principles of business operations, management, and organizational structure.', 53, 31),
(32, 'Environmental Science', 'Understand the interaction between humans and the environment, focusing on ecological processes and sustainability.', 14, 32),
(33, 'Introduction to Literature', 'Analyze various literary forms, themes, and techniques, exploring works from diverse periods and cultures.', 42, 33),
(34, 'Introduction to Computer Science', 'Explore basic programming concepts and algorithms, and understand the fundamental principles of computer science.', 30, 34),
(35, 'Business Administration Fundamentals', 'Understand the basic principles of business operations, management, and organizational structure.', 12, 35),
(36, 'Introduction to Computer Science', 'Explore basic programming concepts and algorithms, and understand the fundamental principles of computer science.', 34, 36),
(37, 'Statistics', 'Learn the basic principles of statistical analysis, focusing on data interpretation and probability theory.', 9, 37),
(38, 'Biology 101', 'Discover the principles of biology, covering cell structure, functions, genetics, evolution, and ecology.', 12, 38),
(39, 'Introduction to Anthropology', 'Explore human societies and cultures, their development, and diversity over time.', 29, 39),
(40, 'World History: Ancient to Medieval', 'Examine the major civilizations, events, and cultural developments from the ancient world to the medieval period.', 36, 40),
(41, 'Environmental Science', 'Understand the interaction between humans and the environment, focusing on ecological processes and sustainability.', 30, 41),
(42, 'Business Administration Fundamentals', 'Understand the basic principles of business operations, management, and organizational structure.', 56, 42),
(43, 'Calculus I', 'Study the concepts of limits, derivatives, and integrals, laying the foundation for advanced mathematical courses.', 39, 43),
(44, 'Introduction to Sociology', 'Understand the social world and human behavior in a societal context, examining social institutions and relationships.', 53, 44),
(45, 'Physics I: Mechanics', 'Explore the basic principles of physics with a focus on motion, forces, and energy.', 54, 45),
(46, 'Principles of Economics', 'Learn the basics of micro and macroeconomic theory and analysis, focusing on how markets function and economies operate.', 17, 46),
(47, 'Environmental Science', 'Understand the interaction between humans and the environment, focusing on ecological processes and sustainability.', 13, 47),
(48, 'Art History: Renaissance to Modern', 'Study significant movements in art from the Renaissance to modern times, understanding historical context and artistic techniques.', 22, 48),
(49, 'Introduction to Anthropology', 'Explore human societies and cultures, their development, and diversity over time.', 27, 49),
(50, 'Introduction to Anthropology', 'Explore human societies and cultures, their development, and diversity over time.', 40, 50),
(51, 'Modern World Literature', 'Study literary works from the 20th and 21st centuries across various cultures, focusing on themes and narrative forms.', 47, 51),
(52, 'Physics I: Mechanics', 'Explore the basic principles of physics with a focus on motion, forces, and energy.', 47, 52),
(53, 'Biology 101', 'Discover the principles of biology, covering cell structure, functions, genetics, evolution, and ecology.', 8, 53),
(54, 'Human Anatomy and Physiology', 'Study the structure and function of the human body, covering the major systems and organs.', 28, 54),
(55, 'Principles of Economics', 'Learn the basics of micro and macroeconomic theory and analysis, focusing on how markets function and economies operate.', 41, 55),
(56, 'Environmental Science', 'Understand the interaction between humans and the environment, focusing on ecological processes and sustainability.', 40, 56),
(57, 'Modern World Literature', 'Study literary works from the 20th and 21st centuries across various cultures, focusing on themes and narrative forms.', 7, 57),
(58, 'Introduction to Political Science', 'Explore the fundamentals of political systems, theories, and the role of government in society.', 36, 58),
(59, 'World History: Ancient to Medieval', 'Examine the major civilizations, events, and cultural developments from the ancient world to the medieval period.', 13, 59),
(60, 'Physics I: Mechanics', 'Explore the basic principles of physics with a focus on motion, forces, and energy.', 52, 60),
(61, 'World History: Ancient to Medieval', 'Examine the major civilizations, events, and cultural developments from the ancient world to the medieval period.', 19, 61),
(62, 'Introduction to Literature', 'Analyze various literary forms, themes, and techniques, exploring works from diverse periods and cultures.', 46, 62),
(63, 'Introduction to Anthropology', 'Explore human societies and cultures, their development, and diversity over time.', 33, 63),
(64, 'Principles of Economics', 'Learn the basics of micro and macroeconomic theory and analysis, focusing on how markets function and economies operate.', 12, 64),
(65, 'Business Administration Fundamentals', 'Understand the basic principles of business operations, management, and organizational structure.', 41, 65),
(66, 'Psychology of Learning', 'Delve into the theories and applications of how humans learn and retain information.', 22, 66),
(67, 'Introduction to Sociology', 'Understand the social world and human behavior in a societal context, examining social institutions and relationships.', 41, 67),
(68, 'General Chemistry', 'Learn the foundational principles of chemistry including atomic structure, chemical bonding, and reactions.', 14, 68),
(69, 'Human Anatomy and Physiology', 'Study the structure and function of the human body, covering the major systems and organs.', 16, 69),
(70, 'World History: Ancient to Medieval', 'Examine the major civilizations, events, and cultural developments from the ancient world to the medieval period.', 19, 70),
(71, 'World History: Ancient to Medieval', 'Examine the major civilizations, events, and cultural developments from the ancient world to the medieval period.', 31, 71),
(72, 'General Chemistry', 'Learn the foundational principles of chemistry including atomic structure, chemical bonding, and reactions.', 8, 72),
(73, 'Psychology of Learning', 'Delve into the theories and applications of how humans learn and retain information.', 1, 73),
(74, 'Art History: Renaissance to Modern', 'Study significant movements in art from the Renaissance to modern times, understanding historical context and artistic techniques.', 31, 74),
(75, 'Environmental Science', 'Understand the interaction between humans and the environment, focusing on ecological processes and sustainability.', 39, 75),
(76, 'Physics I: Mechanics', 'Explore the basic principles of physics with a focus on motion, forces, and energy.', 5, 76),
(77, 'Biology 101', 'Discover the principles of biology, covering cell structure, functions, genetics, evolution, and ecology.', 43, 77),
(78, 'Introduction to Psychology', 'Explore the fundamentals of human behavior, thought processes, and emotions through scientific research and analysis.', 51, 78),
(79, 'Introduction to Philosophy', 'Examine the central questions of existence, knowledge, and ethics from various philosophical perspectives.', 11, 79),
(80, 'Biology 101', 'Discover the principles of biology, covering cell structure, functions, genetics, evolution, and ecology.', 1, 80),
(81, 'Human Anatomy and Physiology', 'Study the structure and function of the human body, covering the major systems and organs.', 47, 81),
(82, 'Introduction to Sociology', 'Understand the social world and human behavior in a societal context, examining social institutions and relationships.', 41, 82),
(83, 'Introduction to Computer Science', 'Explore basic programming concepts and algorithms, and understand the fundamental principles of computer science.', 38, 83),
(84, 'Calculus I', 'Study the concepts of limits, derivatives, and integrals, laying the foundation for advanced mathematical courses.', 31, 84),
(85, 'Psychology of Learning', 'Delve into the theories and applications of how humans learn and retain information.', 50, 85),
(86, 'Introduction to Computer Science', 'Explore basic programming concepts and algorithms, and understand the fundamental principles of computer science.', 45, 86),
(87, 'Principles of Economics', 'Learn the basics of micro and macroeconomic theory and analysis, focusing on how markets function and economies operate.', 34, 87),
(88, 'Introduction to Sociology', 'Understand the social world and human behavior in a societal context, examining social institutions and relationships.', 8, 88),
(89, 'Introduction to Psychology', 'Explore the fundamentals of human behavior, thought processes, and emotions through scientific research and analysis.', 33, 89),
(90, 'Introduction to Sociology', 'Understand the social world and human behavior in a societal context, examining social institutions and relationships.', 15, 90),
(91, 'Physics I: Mechanics', 'Explore the basic principles of physics with a focus on motion, forces, and energy.', 39, 91),
(92, 'General Chemistry', 'Learn the foundational principles of chemistry including atomic structure, chemical bonding, and reactions.', 7, 92),
(93, 'Physics I: Mechanics', 'Explore the basic principles of physics with a focus on motion, forces, and energy.', 51, 93),
(94, 'Introduction to Psychology', 'Explore the fundamentals of human behavior, thought processes, and emotions through scientific research and analysis.', 29, 94),
(95, 'Principles of Economics', 'Learn the basics of micro and macroeconomic theory and analysis, focusing on how markets function and economies operate.', 1, 95),
(96, 'Statistics', 'Learn the basic principles of statistical analysis, focusing on data interpretation and probability theory.', 50, 96),
(97, 'Human Anatomy and Physiology', 'Study the structure and function of the human body, covering the major systems and organs.', 27, 97),
(98, 'Introduction to Anthropology', 'Explore human societies and cultures, their development, and diversity over time.', 41, 98),
(99, 'Environmental Science', 'Understand the interaction between humans and the environment, focusing on ecological processes and sustainability.', 56, 99),
(100, 'General Chemistry', 'Learn the foundational principles of chemistry including atomic structure, chemical bonding, and reactions.', 31, 100);



# inserts for admin employee
INSERT INTO adminEmployee (empID, title, fName, lName, email, courseID) VALUES
(1, 'Software Engineer', 'Alaine', 'Hulles', 'alaine.hulles@yahoo.com', 18),
(2, 'Sales Executive', 'Berna', 'Kerr', 'berna.kerr@hotmail.com', 41),
(3, 'Manager', 'Waiter', 'Hargerie', 'waiter.hargerie@gmail.com', 20),
(4, 'Sales Executive', 'Wilfred', 'Crannage', 'wilfred.crannage@yahoo.com', 5),
(5, 'DevOps Engineer', 'Flossy', 'Hayter', 'flossy.hayter@gmail.com', 32),
(6, 'Product Owner', 'Leo', 'Foat', 'leo.foat@yahoo.com', 10),
(7, 'Product Owner', 'Shalne', 'Monkman', 'shalne.monkman@gmail.com', 22),
(8, 'Marketing Coordinator', 'Emery', 'Trundler', 'emery.trundler@me.com', 27),
(9, 'Customer Support', 'Valli', 'Hadaway', 'valli.hadaway@yahoo.com', 74),
(10, 'Marketing Coordinator', 'Kennett', 'Lappine', 'kennett.lappine@yahoo.com', 50),
(11, 'Customer Support', 'Staffard', 'Delooze', 'staffard.delooze@msn.com', 44),
(12, 'System Administrator', 'Kimberly', 'Vaune', 'kimberly.vaune@yahoo.com', 40),
(13, 'Quality Assurance', 'Sollie', 'McFadyen', 'sollie.mcfadyen@gmail.com', 5),
(14, 'UX Designer', 'Adrien', 'Ginie', 'adrien.ginie@yahoo.com', 20),
(15, 'Team Lead', 'Casi', 'Gommowe', 'casi.gommowe@sfr.fr', 5),
(16, 'Software Engineer', 'Emilia', 'Burborough', 'emilia.burborough@yahoo.com', 81),
(17, 'Quality Assurance', 'Lorrie', 'Leall', 'lorrie.leall@hotmail.com', 27),
(18, 'UX Designer', 'Forster', 'Larose', 'forster.larose@gmail.com', 93),
(19, 'HR Specialist', 'Easter', 'McLarens', 'easter.mclarens@zonnet.nl', 63),
(20, 'Product Owner', 'Buckie', 'Rowlstone', 'buckie.rowlstone@hotmail.com', 89),
(21, 'System Administrator', 'Eula', 'Casina', 'eula.casina@gmail.com', 87),
(22, 'HR Specialist', 'Harmon', 'Danser', 'harmon.danser@gmail.com', 46),
(23, 'Sales Executive', 'Berky', 'Yakunchikov', 'berky.yakunchikov@gmail.com', 95),
(24, 'Quality Assurance', 'Lara', 'Dawney', 'lara.dawney@gmail.com', 12),
(25, 'Sales Executive', 'Brenda', 'McAlroy', 'brenda.mcalroy@yahoo.com', 20),
(26, 'UX Designer', 'Lib', 'Bentick', 'lib.bentick@gmail.com', 17),
(27, 'Quality Assurance', 'Bryana', 'Beeswing', 'bryana.beeswing@gmail.com', 40),
(28, 'Product Owner', 'Guillermo', 'Ambrus', 'guillermo.ambrus@yahoo.com', 51),
(29, 'Product Owner', 'Dee', 'Feedham', 'dee.feedham@yahoo.com', 42),
(30, 'Software Engineer', 'Pattie', 'Conor', 'pattie.conor@hotmail.com', 1),
(31, 'Business Analyst', 'Greer', 'Duesbury', 'greer.duesbury@yahoo.com', 69),
(32, 'Team Lead', 'Norry', 'Bardell', 'norry.bardell@yahoo.com', 17),
(33, 'Marketing Coordinator', 'Willi', 'Record', 'willi.record@hotmail.com', 35),
(34, 'Customer Support', 'Ardella', 'Franzetti', 'ardella.franzetti@aol.com', 41),
(35, 'UX Designer', 'Maximilianus', 'Castellani', 'maximilianus.castellani@yahoo.com', 53),
(36, 'Product Owner', 'Job', 'Celle', 'job.celle@yahoo.com', 71),
(37, 'Director', 'Robena', 'Knapper', 'robena.knapper@sbcglobal.net', 35),
(38, 'Business Analyst', 'Abbot', 'Andreutti', 'abbot.andreutti@gmail.com', 19),
(39, 'Data Analyst', 'Margarette', 'McLugaish', 'margarette.mclugaish@yahoo.com', 4),
(40, 'Customer Support', 'Yardley', 'Harrald', 'yardley.harrald@hotmail.co.uk', 18),
(41, 'Manager', 'Edy', 'Ritchman', 'edy.ritchman@outlook.com', 40),
(42, 'Marketing Coordinator', 'Patty', 'Eck', 'patty.eck@outlook.com', 8),
(43, 'Director', 'Eb', 'Densham', 'eb.densham@gmail.com', 93),
(44, 'Sales Executive', 'Faith', 'Krebs', 'faith.krebs@gmail.com', 49),
(45, 'Team Lead', 'Conroy', 'Derks', 'conroy.derks@yahoo.com', 65),
(46, 'Sales Executive', 'Kelvin', 'Whapham', 'kelvin.whapham@yahoo.com', 85),
(47, 'Director', 'Garald', 'Geraldini', 'garald.geraldini@gmail.com', 92),
(48, 'DevOps Engineer', 'Gilberto', 'Cogzell', 'gilberto.cogzell@gmail.com', 14),
(49, 'HR Specialist', 'Lauralee', 'Ferris', 'lauralee.ferris@yahoo.com', 94),
(50, 'Data Analyst', 'Alla', 'Noe', 'alla.noe@yahoo.com', 63),
(51, 'Director', 'Boniface', 'Headingham', 'boniface.headingham@msn.com', 94),
(52, 'DevOps Engineer', 'Thornton', 'Jeyes', 'thornton.jeyes@gmail.com', 19),
(53, 'Manager', 'Kimberlee', 'Durham', 'kimberlee.durham@gmail.com', 83),
(54, 'Marketing Coordinator', 'Aymer', 'Darrell', 'aymer.darrell@yahoo.com', 98),
(55, 'Marketing Coordinator', 'Briant', 'Solomonides', 'briant.solomonides@gmail.com', 71),
(56, 'Business Analyst', 'Trumann', 'Abbot', 'trumann.abbot@sbcglobal.net', 61),
(57, 'System Administrator', 'Jereme', 'Phinnessy', 'jereme.phinnessy@neuf.fr', 8),
(58, 'Director', 'Adena', 'Pesek', 'adena.pesek@gmail.com', 100),
(59, 'Director', 'Kaylee', 'McClancy', 'kaylee.mcclancy@yahoo.com', 19),
(60, 'Data Analyst', 'Dasha', 'Stoter', 'dasha.stoter@gmail.com', 30),
(61, 'Data Analyst', 'Rivalee', 'MacCurley', 'rivalee.maccurley@ymail.com', 14),
(62, 'Customer Support', 'Beau', 'Blissett', 'beau.blissett@yahoo.com', 96),
(63, 'UX Designer', 'Jaclin', 'Delacoste', 'jaclin.delacoste@hotmail.com', 95),
(64, 'Business Analyst', 'Marshal', 'Hebbes', 'marshal.hebbes@yahoo.com', 28),
(65, 'Product Owner', 'Farley', 'Bartolomeotti', 'farley.bartolomeotti@hotmail.com', 27),
(66, 'System Administrator', 'Roobbie', 'Gaythorpe', 'roobbie.gaythorpe@att.net', 78),
(67, 'Product Owner', 'Clarinda', 'Chander', 'clarinda.chander@yahoo.fr', 95),
(68, 'Customer Support', 'Andrei', 'Reeks', 'andrei.reeks@orange.fr', 98),
(69, 'Customer Support', 'Thomasa', 'Ibotson', 'thomasa.ibotson@gmail.com', 90),
(70, 'HR Specialist', 'Tobi', 'Barzen', 'tobi.barzen@gmail.com', 40),
(71, 'Data Analyst', 'Chiquia', 'Grivori', 'chiquia.grivori@aol.com', 16),
(72, 'Director', 'Lanni', 'Queen', 'lanni.queen@yahoo.com', 71),
(73, 'Data Analyst', 'Murray', 'Atthow', 'murray.atthow@gmail.com', 8),
(74, 'System Administrator', 'Lorinda', 'Beake', 'lorinda.beake@gmail.com', 23),
(75, 'Business Analyst', 'Ellery', 'Danbi', 'ellery.danbi@yahoo.com', 77),
(76, 'Manager', 'Grier', 'Giroldi', 'grier.giroldi@hotmail.it', 34),
(77, 'Software Engineer', 'Travis', 'Horribine', 'travis.horribine@yahoo.com', 1),
(78, 'System Administrator', 'Stirling', 'Prior', 'stirling.prior@hotmail.com', 49),
(79, 'Manager', 'Gav', 'Borham', 'gav.borham@gmail.com', 75),
(80, 'DevOps Engineer', 'Perice', 'Theriot', 'perice.theriot@verizon.net', 84),
(81, 'Sales Executive', 'Revkah', 'Bounds', 'revkah.bounds@hotmail.com', 15),
(82, 'Software Engineer', 'Agnella', 'Ummfrey', 'agnella.ummfrey@gmail.com', 14),
(83, 'Quality Assurance', 'Neille', 'Balderston', 'neille.balderston@aol.com', 16),
(84, 'Business Analyst', 'Hadley', 'Palmer', 'hadley.palmer@gmail.com', 5),
(85, 'Data Analyst', 'Sherman', 'Dukesbury', 'sherman.dukesbury@yahoo.com.sg', 67),
(86, 'Manager', 'Allianora', 'Darrow', 'allianora.darrow@yahoo.com', 36),
(87, 'Product Owner', 'Diahann', 'Tiley', 'diahann.tiley@yahoo.com', 46),
(88, 'Team Lead', 'Shaylah', 'Starrs', 'shaylah.starrs@gmail.com', 77),
(89, 'System Administrator', 'Bartlet', 'Crimin', 'bartlet.crimin@hotmail.fr', 17),
(90, 'Marketing Coordinator', 'Gayelord', 'Gaishson', 'gayelord.gaishson@gmail.com', 51),
(91, 'DevOps Engineer', 'Kiley', 'Bruneton', 'kiley.bruneton@gmail.com', 64),
(92, 'Manager', 'Orly', 'Figiovanni', 'orly.figiovanni@hotmail.com', 52),
(93, 'Product Owner', 'Dorris', 'Wehnerr', 'dorris.wehnerr@yahoo.com', 72),
(94, 'Sales Executive', 'Jeralee', 'Linskey', 'jeralee.linskey@live.co.uk', 77),
(95, 'Customer Support', 'Hanan', 'Letertre', 'hanan.letertre@earthlink.net', 66),
(96, 'Product Owner', 'Hersch', 'Reboul', 'hersch.reboul@aim.com', 24),
(97, 'DevOps Engineer', 'Inness', 'Eliesco', 'inness.eliesco@hotmail.co.uk', 4),
(98, 'Marketing Coordinator', 'Elton', 'Routh', 'elton.routh@yahoo.com', 21),
(99, 'Software Engineer', 'Keefe', 'Bulley', 'keefe.bulley@yahoo.com', 93),
(100, 'Sales Executive', 'Dorey', 'Blackler', 'dorey.blackler@gmail.com', 64);


# inserts for employeeAbroadProgram bridge table 
INSERT INTO employeeAbroadProgram (programID, empID)
VALUES
(59, 60),
(36, 11),
(60, 12),
(38, 79),
(39, 88),
(7, 61),
(7, 71),
(48, 16),
(53, 99),
(31, 39),
(37, 89),
(43, 42),
(10, 31),
(60, 87),
(54, 57),
(25, 68),
(19, 64),
(14, 22),
(10, 63),
(53, 100),
(34, 83),
(41, 36),
(8, 64),
(38, 18),
(14, 85),
(36, 86),
(38, 65),
(60, 72),
(33, 86),
(50, 29),
(22, 52),
(39, 60),
(11, 80),
(51, 78),
(52, 86),
(39, 55),
(43, 17),
(52, 5),
(18, 80),
(31, 88),
(36, 18),
(48, 76),
(47, 44),
(52, 46),
(34, 35),
(56, 6),
(33, 59),
(23, 85),
(18, 23),
(3, 11),
(48, 59),
(53, 2),
(11, 4),
(21, 41),
(46, 91),
(39, 34),
(41, 2),
(13, 59),
(28, 53),
(33, 35),
(21, 45),
(4, 96),
(36, 80),
(51, 83),
(38, 67),
(14, 8),
(56, 91),
(7, 88),
(35, 95),
(1, 56),
(3, 96),
(25, 6),
(55, 98),
(1, 66),
(32, 66),
(60, 4),
(21, 14),
(27, 45),
(38, 69),
(58, 27),
(48, 3),
(50, 54),
(40, 54),
(47, 70),
(5, 48),
(55, 39),
(53, 23),
(36, 15),
(57, 87),
(34, 21),
(58, 41),
(4, 5),
(59, 7),
(55, 17),
(40, 38),
(40, 48),
(3, 83),
(18, 51),
(6, 97),
(19, 9);


# inserts for engagement analytics

INSERT INTO engagementAnalytics (featureID, empID, usageCount, date)
VALUES
(1, 18, 174, '2024-01-30 14:48:01'),
(2, 5, 46, '2023-12-14 16:56:09'),
(3, 37, 362, '2024-04-08 11:56:11'),
(4, 18, 175, '2024-01-31 01:37:57'),
(5, 40, 397, '2024-04-21 07:48:03'),
(6, 27, 262, '2024-03-02 20:20:11'),
(7, 50, 494, '2024-05-26 20:23:37'),
(8, 54, 533, '2024-06-10 06:03:51'),
(9, 61, 618, '2024-07-11 02:26:34'),
(10, 60, 606, '2024-07-06 18:25:53'),
(11, 55, 594, '2024-07-02 07:23:02'),
(12, 42, 543, '2024-06-13 19:44:31'),
(13, 50, 415, '2024-04-27 18:09:54'),
(14, 81, 490, '2024-05-25 08:27:23'),
(15, 22, 807, '2024-09-18 07:37:54'),
(16, 97, 210, '2024-02-12 20:59:41'),
(17, 28, 749, '2024-08-28 07:07:10'),
(18, 6, 966, '2024-11-15 12:03:39'),
(19, 64, 273, '2024-03-07 00:55:06'),
(20, 58, 50, '2023-12-16 10:22:56'),
(21, 65, 635, '2024-07-17 10:05:33'),
(22, 30, 570, '2024-06-23 15:58:10'),
(23, 21, 269, '2024-03-13 11:57:21'),
(24, 69, 644, '2024-10-29 03:57:07'),
(25, 81, 291, '2024-02-09 05:37:43'),
(26, 28, 918, '2024-08-02 23:31:10'),
(27, 60, 200, '2024-09-16 00:31:44'),
(28, 53, 680, '2024-03-07 21:17:13'),
(29, 40, 801, '2024-11-01 13:15:39'),
(30, 48, 276, '2024-07-02 00:21:32'),
(31, 85, 928, '2024-06-07 11:11:36'),
(32, 75, 593, '2024-04-21 05:30:04'),
(33, 57, 526, '2024-05-18 02:10:19'),
(34, 2, 397, '2024-09-30 09:35:36'),
(35, 22, 470, '2024-08-25 21:03:15'),
(36, 13, 840, '2024-06-21 08:10:51'),
(37, 49, 743, '2023-12-04 14:53:05'),
(38, 73, 229, '2023-12-01 12:22:16'),
(39, 50, 564, '2024-02-15 01:38:15'),
(40, 62, 689, '2024-01-12 08:40:07'),
(41, 43, 18, '2024-05-21 20:09:32'),
(42, 41, 10, '2024-05-27 20:59:36'),
(43, 93, 216, '2024-07-08 09:47:45'),
(44, 63, 124, '2024-05-01 03:05:27'),
(45, 26, 480, '2024-05-17 16:35:25'),
(46, 78, 723, '2024-04-23 15:46:18'),
(47, 64, 497, '2024-01-28 14:00:28'),
(48, 45, 610, '2024-03-09 02:08:41'),
(49, 75, 424, '2024-10-30 08:16:46'),
(50, 47, 469, '2024-07-14 07:14:35'),
(51, 51, 403, '2024-02-28 16:28:31'),
(52, 54, 168, '2024-09-07 03:50:11'),
(53, 71, 279, '2024-07-18 10:13:26'),
(54, 10, 922, '2023-12-19 03:11:22'),
(55, 14, 626, '2024-07-15 15:15:41'),
(56, 29, 253, '2023-12-23 05:17:43'),
(57, 61, 776, '2024-05-08 07:48:18'),
(58, 26, 638, '2024-08-26 19:24:35'),
(59, 4, 58, '2024-09-11 07:41:38'),
(60, 28, 630, '2024-05-15 22:05:48'),
(61, 79, 69, '2024-05-29 00:27:59'),
(62, 60, 443, '2024-06-11 02:04:59'),
(63, 33, 745, '2023-12-23 02:16:56'),
(64, 2, 788, '2024-08-12 10:21:28'),
(65, 21, 464, '2024-01-01 04:51:30'),
(66, 21, 500, '2024-01-15 01:34:23'),
(67, 19, 536, '2024-03-09 18:40:29'),
(68, 15, 68, '2024-08-17 02:31:52'),
(69, 62, 706, '2024-03-09 03:11:33'),
(70, 29, 93, '2024-07-05 09:46:26'),
(71, 75, 131, '2024-02-29 23:40:11'),
(72, 77, 99, '2023-12-10 09:50:08'),
(73, 66, 281, '2024-03-07 07:09:56'),
(74, 14, 719, '2024-09-10 12:55:07'),
(75, 87, 279, '2024-07-03 09:21:00'),
(76, 65, 602, '2024-03-25 20:46:38'),
(77, 88, 257, '2023-12-04 00:45:24'),
(78, 89, 34, '2024-02-11 11:24:51'),
(79, 75, 274, '2024-02-09 20:11:59'),
(80, 92, 786, '2024-02-03 14:56:58'),
(81, 84, 597, '2024-07-10 03:55:39'),
(82, 29, 325, '2024-03-11 12:48:30'),
(83, 59, 16, '2024-08-25 17:25:59'),
(84, 27, 206, '2024-09-01 19:07:35'),
(85, 95, 202, '2024-07-24 07:14:17'),
(86, 24, 185, '2024-01-16 04:37:08'),
(87, 51, 140, '2024-10-07 16:02:09'),
(88, 53, 615, '2024-07-20 07:55:45'),
(89, 7, 286, '2024-09-30 01:55:09'),
(90, 86, 742, '2024-10-11 17:53:28'),
(91, 12, 762, '2024-09-15 00:26:30'),
(92, 33, 818, '2024-10-17 15:40:29'),
(93, 91, 654, '2024-08-25 14:57:33'),
(94, 30, 134, '2024-10-27 12:25:42'),
(95, 15, 860, '2024-09-29 06:14:27'),
(96, 6, 643, '2024-03-09 21:28:52'),
(97, 90, 839, '2024-06-28 20:30:43'),
(98, 19, 871, '2024-03-04 07:33:50'),
(99, 10, 798, '2024-02-22 18:37:37'),
(100, 24, 887, '2024-05-29 08:30:13');


# inserts for professor 
INSERT INTO Professor (profID, fName, lName, department, email) VALUES
(1, 'Gallagher', 'Chalcroft', 'Engineering', 'gallagher.chalcroft@gmail.com'),
(2, 'Otha', 'Stoakes', 'Biology', 'otha.stoakes@yahoo.com'),
(3, 'Pearce', 'Fiddymont', 'History', 'pearce.fiddymont@yahoo.com'),
(4, 'Teador', 'Brim', 'History', 'teador.brim@gmail.com'),
(5, 'Diana', 'Greenroyd', 'Mathematics', 'diana.greenroyd@yahoo.com'),
(6, 'Ignacio', 'Mapplethorpe', 'Physics', 'ignacio.mapplethorpe@t-online.de'),
(7, 'Lonnard', 'Cristofolini', 'Computer Science', 'lonnard.cristofolini@yahoo.com'),
(8, 'Cecilio', 'Dowbekin', 'Political Science', 'cecilio.dowbekin@yahoo.fr'),
(9, 'Trisha', 'Bernot', 'Chemistry', 'trisha.bernot@hotmail.fr'),
(10, 'Ariana', 'Jobbins', 'Psychology', 'ariana.jobbins@yahoo.com.br'),
(11, 'Norton', 'Fahy', 'Mathematics', 'norton.fahy@yahoo.com'),
(12, 'Nanci', 'Snowling', 'Mathematics', 'nanci.snowling@yahoo.com'),
(13, 'Koren', 'Ramelot', 'History', 'koren.ramelot@yahoo.com'),
(14, 'Lester', 'Domnin', 'Art History', 'lester.domnin@hotmail.com'),
(15, 'Maridel', 'Pinke', 'Computer Science', 'maridel.pinke@gmail.com'),
(16, 'Margaretha', 'Worsfold', 'History', 'margaretha.worsfold@yahoo.com'),
(17, 'Timi', 'Scirman', 'Psychology', 'timi.scirman@yahoo.com'),
(18, 'Lucais', 'Schankelborg', 'Sociology', 'lucais.schankelborg@gmail.com'),
(19, 'Donnajean', 'Grumble', 'Art History', 'donnajean.grumble@wanadoo.fr'),
(20, 'Jonah', 'Westerman', 'Economics', 'jonah.westerman@gmail.com'),
(21, 'Judah', 'Elintune', 'Psychology', 'judah.elintune@gmail.com'),
(22, 'Ricard', 'Woolveridge', 'English', 'ricard.woolveridge@hotmail.com'),
(23, 'Briney', 'Marvelley', 'Architecture', 'briney.marvelley@yahoo.com'),
(24, 'Stanford', 'Ledster', 'Architecture', 'stanford.ledster@hotmail.com'),
(25, 'Normy', 'Davidowich', 'Architecture', 'normy.davidowich@live.com'),
(26, 'Addison', 'de Bullion', 'Biology', 'addison.debullion@yahoo.com'),
(27, 'Almeria', 'Goodridge', 'Sociology', 'almeria.goodridge@yahoo.es'),
(28, 'Cherrita', 'Alelsandrowicz', 'Chemistry', 'cherrita.alelsandrowicz@gmail.com'),
(29, 'Linc', 'Reynoollds', 'History', 'linc.reynoollds@gmail.com'),
(30, 'Averyl', 'Harmer', 'English', 'averyl.harmer@yahoo.com.br'),
(31, 'Janene', 'Bramhall', 'Mathematics', 'janene.bramhall@yahoo.fr'),
(32, 'Meggi', 'Ackrill', 'Economics', 'meggi.ackrill@yahoo.de'),
(33, 'Christos', 'Immins', 'Computer Science', 'christos.immins@hotmail.com'),
(34, 'Elias', 'Lepoidevin', 'Economics', 'elias.lepoidevin@hotmail.com'),
(35, 'Drucy', 'Howey', 'Computer Science', 'drucy.howey@gmail.com'),
(36, 'Brandon', 'Doore', 'Economics', 'brandon.doore@yahoo.com'),
(37, 'Marleah', 'Parton', 'Architecture', 'marleah.parton@yahoo.com'),
(38, 'Niel', 'Shelsher', 'Psychology', 'niel.shelsher@yahoo.fr'),
(39, 'Abby', 'Hubbucks', 'English', 'abby.hubbucks@gmail.com'),
(40, 'Sibeal', 'Gargett', 'Sociology', 'sibeal.gargett@hotmail.com'),
(41, 'Feliza', 'Tozer', 'Art History', 'feliza.tozer@gmail.com'),
(42, 'Bart', 'Forcade', 'Biology', 'bart.forcade@tin.it'),
(43, 'Amandy', 'Maughan', 'History', 'amandy.maughan@gmail.com'),
(44, 'Alica', 'Bauduin', 'Chemistry', 'alica.bauduin@gmail.com'),
(45, 'Hyatt', 'Searsby', 'English', 'hyatt.searsby@yahoo.com'),
(46, 'Ailsun', 'Espadas', 'Art History', 'ailsun.espadas@hotmail.com'),
(47, 'Salome', 'Ramsey', 'Art History', 'salome.ramsey@live.com'),
(48, 'Damian', 'Vallintine', 'Music', 'damian.vallintine@gmail.com'),
(49, 'Carmelina', 'Cosgrive', 'Biology', 'carmelina.cosgrive@yahoo.com'),
(50, 'Dorisa', 'Mimmack', 'Psychology', 'dorisa.mimmack@yahoo.com'),
(51, 'Gnni', 'Ayto', 'Music', 'gnni.ayto@yahoo.com'),
(52, 'Virginia', 'Iskow', 'Art History', 'virginia.iskow@gmail.com'),
(53, 'Joy', 'Hydes', 'Economics', 'joy.hydes@hotmail.com'),
(54, 'Artair', 'Crich', 'Music', 'artair.crich@gmail.com'),
(55, 'Addy', 'Gorring', 'Economics', 'addy.gorring@hotmail.com'),
(56, 'Urbano', 'Dumphries', 'Physics', 'urbano.dumphries@freenet.de'),
(57, 'Ethelda', 'Oliphard', 'Political Science', 'ethelda.oliphard@gmail.com'),
(58, 'Michail', 'Travers', 'Political Science', 'michail.travers@hotmail.fr'),
(59, 'Tadeo', 'Randal', 'Art History', 'tadeo.randal@yahoo.com'),
(60, 'Henrik', 'Epgrave', 'English', 'henrik.epgrave@yahoo.com'),
(61, 'Roderigo', 'Borzone', 'Political Science', 'roderigo.borzone@yahoo.com'),
(62, 'Jody', 'Matieu', 'Political Science', 'jody.matieu@hotmail.com'),
(63, 'Kellby', 'Niccols', 'Chemistry', 'kellby.niccols@libero.it'),
(64, 'Waldo', 'Barham', 'Mathematics', 'waldo.barham@gmail.com'),
(65, 'Adeline', 'Abisetti', 'Computer Science', 'adeline.abisetti@hotmail.com'),
(66, 'Mylo', 'Woodrough', 'Computer Science', 'mylo.woodrough@yahoo.com'),
(67, 'Ellswerth', 'Pickersgill', 'Computer Science', 'ellswerth.pickersgill@yahoo.com'),
(68, 'Beret', 'Arnholdt', 'Economics', 'beret.arnholdt@hotmail.com'),
(69, 'Dru', 'Fosher', 'Chemistry', 'dru.fosher@yahoo.com'),
(70, 'Tracie', 'Hallihane', 'History', 'tracie.hallihane@gmail.com'),
(71, 'Corilla', 'Ditchfield', 'Psychology', 'corilla.ditchfield@gmail.com'),
(72, 'Antoine', 'Meeny', 'Biology', 'antoine.meeny@yahoo.com'),
(73, 'Karrah', 'Eaglen', 'Architecture', 'karrah.eaglen@gmail.com'),
(74, 'Eliza', 'Grastye', 'Political Science', 'eliza.grastye@gmail.com'),
(75, 'Rafael', 'Brockton', 'Architecture', 'rafael.brockton@yahoo.com.br'),
(76, 'Warren', 'Cornill', 'History', 'warren.cornill@hotmail.com'),
(77, 'Ilene', 'Ganter', 'Computer Science', 'ilene.ganter@gmail.com'),
(78, 'Meir', 'Dashkovich', 'Economics', 'meir.dashkovich@aol.com'),
(79, 'Aubert', 'Degg', 'Architecture', 'aubert.degg@web.de'),
(80, 'Ingmar', 'Harling', 'Chemistry', 'ingmar.harling@yahoo.com'),
(81, 'Lovell', 'Hordell', 'Psychology', 'lovell.hordell@yahoo.com'),
(82, 'Dode', 'Elleton', 'Biology', 'dode.elleton@comcast.net'),
(83, 'Ferne', 'Bulstrode', 'History', 'ferne.bulstrode@hotmail.com'),
(84, 'Rickert', 'Paolinelli', 'Architecture', 'rickert.paolinelli@gmail.com'),
(85, 'Cornall', 'Kernar', 'Economics', 'cornall.kernar@wanadoo.fr'),
(86, 'Alix', 'Broadwood', 'Biology', 'alix.broadwood@yahoo.com'),
(87, 'Ilka', 'Mates', 'Engineering', 'ilka.mates@orange.fr'),
(88, 'Panchito', 'Loudyan', 'Economics', 'panchito.loudyan@cox.net'),
(89, 'Bartram', 'Anshell', 'Music', 'bartram.anshell@yahoo.com'),
(90, 'Brice', 'Blackburn', 'Sociology', 'brice.blackburn@verizon.net'),
(91, 'Cynthie', 'Portis', 'Art History', 'cynthie.portis@yahoo.co.uk'),
(92, 'Mariska', 'Longega', 'Mathematics', 'mariska.longega@yahoo.co.in'),
(93, 'Solomon', 'McGarvie', 'Music', 'solomon.mcgarvie@hotmail.com'),
(94, 'Drucill', 'Glasbey', 'Political Science', 'drucill.glasbey@aol.com'),
(95, 'Scotty', 'Fontin', 'Art History', 'scotty.fontin@orange.fr'),
(96, 'Gerri', 'Magovern', 'Art History', 'gerri.magovern@yahoo.com'),
(97, 'Harriott', 'Orta', 'Physics', 'harriott.orta@hotmail.com'),
(98, 'Lyndel', 'Stoate', 'Architecture', 'lyndel.stoate@yahoo.com'),
(99, 'Briny', 'Ashpole', 'English', 'briny.ashpole@gmx.de'),
(100, 'Amby', 'Malshinger', 'Music', 'amby.malshinger@gmail.com');


# inserts for Student
INSERT INTO Student (sID, fName, lName, email, blurb, role) VALUES
(1, 'Aeriel', 'Sommerton', 'aeriel.sommerton@web.de', 'Dance is my outlet for energy and creativity. I practice various styles and perform in competitions, always striving to learn new choreography.', 'mentor'),
(2, 'Meaghan', 'Le Ball', 'meaghan.leball@hotmail.com', 'Cooking and experimenting with new recipes is what I love most. I often host dinner parties for my friends to try out new dishes.', 'mentor'),
(3, 'Ondrea', 'Kinsella', 'ondrea.kinsella@yahoo.co.in', 'Video games are my favorite pastime. I enjoy strategy games that challenge my mind and continuously seek to improve my skills.', 'mentee'),
(4, 'Kile', 'McPhelimey', 'kile.mcphelimey@libero.it', 'Dance is my outlet for energy and creativity. I practice various styles and perform in competitions, always striving to learn new choreography.', 'mentor'),
(5, 'Ash', 'Uff', 'ash.uff@hotmail.com', 'Math challenges and numbers are where I find solace. Sudoku and puzzles occupy my free time, alongside participating in national math competitions.', 'mentee'),
(6, 'Shelli', 'Milius', 'shelli.milius@neuf.fr', 'I have a passion for mathematics and spend most of my time solving complex equations. Outside of academics, I enjoy playing chess and competing in local tournaments.', 'mentor'),
(7, 'Fayth', 'Sodor', 'fayth.sodor@gmx.de', 'Dance is my outlet for energy and creativity. I practice various styles and perform in competitions, always striving to learn new choreography.', 'mentee'),
(8, 'Nahum', 'Seeler', 'nahum.seeler@wanadoo.fr', 'Video games are my favorite pastime. I enjoy strategy games that challenge my mind and continuously seek to improve my skills.', 'mentee'),
(9, 'Scotti', 'Rivallant', 'scotti.rivallant@gmail.com', 'I enjoy writing and have a blog where I share book reviews and personal thoughts. Connecting with readers from around the world is enriching.', 'mentor'),
(10, 'Cosme', 'Elliot', 'cosme.elliot@yahoo.com', 'Science is my favorite subject, especially biology. Exploring the natural world and understanding how things work piques my interest like nothing else!', 'mentee'),
(11, 'Goldy', 'Evesque', 'goldy.evesque@gmail.com', 'I\'m an avid reader and love diving into fantasy novels. When I\'m not studying, you can find me writing short stories or exploring new coffee shops around town.', 'mentee'),
(12, 'Court', 'Gildroy', 'court.gildroy@gmail.com', 'Music runs in my family, and I play the guitar in a band with my friends. On weekends, we perform at local gigs, bringing energy to the stage.', 'mentor'),
(13, 'Mahala', 'Boerderman', 'mahala.boerderman@gmail.com', 'Technology and coding are my main interests. I spend weekends participating in hackathons and building apps to solve everyday problems.', 'mentee'),
(14, 'Avrom', 'Nilges', 'avrom.nilges@gmail.com', 'Social justice is close to my heart, and I volunteer at a local community center. Advocating for change and helping others drives me.', 'mentor'),
(15, 'Charin', 'Boggish', 'charin.boggish@yahoo.co.id', 'Video games are my favorite pastime. I enjoy strategy games that challenge my mind and continuously seek to improve my skills.', 'mentor'),
(16, 'Wallie', 'Sandon', 'wallie.sandon@yahoo.com', 'Outdoor adventures are what I live for. Whether it\'s hiking, camping, or rock climbing, being in nature gives me peace and brings out the best in me.', 'mentee'),
(17, 'Ryun', 'Athy', 'ryun.athy@hotmail.com', 'Technology and coding are my main interests. I spend weekends participating in hackathons and building apps to solve everyday problems.', 'mentee'),
(18, 'Gates', 'Ledeker', 'gates.ledeker@gmail.com', 'Acting is my passion, and I participate in school plays and local theater productions. I thrive on stage and love bringing characters to life.', 'mentee'),
(19, 'Bliss', 'Conibear', 'bliss.conibear@freenet.de', 'Social justice is close to my heart, and I volunteer at a local community center. Advocating for change and helping others drives me.', 'mentor'),
(20, 'Carny', 'Huniwall', 'carny.huniwall@gmail.com', 'Cooking and experimenting with new recipes is what I love most. I often host dinner parties for my friends to try out new dishes.', 'mentee'),
(21, 'Vyky', 'Worsnip', 'vyky.worsnip@hotmail.com', 'I have a passion for mathematics and spend most of my time solving complex equations. Outside of academics, I enjoy playing chess and competing in local tournaments.', 'mentor'),
(22, 'Trenna', 'Gerbel', 'trenna.gerbel@hotmail.com', 'I\'m an avid reader and love diving into fantasy novels. When I\'m not studying, you can find me writing short stories or exploring new coffee shops around town.', 'mentor'),
(23, 'Ebonee', 'Halkyard', 'ebonee.halkyard@yahoo.com.br', 'Photography helps me capture the world from different perspectives. Whether it\'s landscapes or portraits, I love finding beauty in everyday life.', 'mentee'),
(24, 'Keenan', 'Mowson', 'keenan.mowson@yahoo.com', 'I enjoy writing and have a blog where I share book reviews and personal thoughts. Connecting with readers from around the world is enriching.', 'mentor'),
(25, 'Yorke', 'Bensusan', 'yorke.bensusan@sbcglobal.net', 'Sports are my life! I\'m the captain of the soccer team and love spending my afternoons practicing or watching matches with friends.', 'mentor'),
(26, 'Wilton', 'Worsell', 'wilton.worsell@yahoo.fr', 'Math challenges and numbers are where I find solace. Sudoku and puzzles occupy my free time, alongside participating in national math competitions.', 'mentor'),
(27, 'Alayne', 'Whitnell', 'alayne.whitnell@yahoo.com', 'Math challenges and numbers are where I find solace. Sudoku and puzzles occupy my free time, alongside participating in national math competitions.', 'mentee'),
(28, 'Fanchon', 'Quarry', 'fanchon.quarry@hotmail.com', 'Video games are my favorite pastime. I enjoy strategy games that challenge my mind and continuously seek to improve my skills.', 'mentor'),
(29, 'Cahra', 'Wooster', 'cahra.wooster@wanadoo.fr', 'Acting is my passion, and I participate in school plays and local theater productions. I thrive on stage and love bringing characters to life.', 'mentor'),
(30, 'Amy', 'McAviy', 'amy.mcaviy@msn.com', 'Outdoor adventures are what I live for. Whether it\'s hiking, camping, or rock climbing, being in nature gives me peace and brings out the best in me.', 'mentee'),
(31, 'Wilie', 'Schultz', 'wilie.schultz@yahoo.com', 'Environmental conservation is my passion. I actively participate in tree planting events and work on educating peers about sustainable practices.', 'mentee'),
(32, 'Lin', 'Messer', 'lin.messer@gmail.com', 'Video games are my favorite pastime. I enjoy strategy games that challenge my mind and continuously seek to improve my skills.', 'mentee'),
(33, 'Bernie', 'Tharme', 'bernie.tharme@hotmail.com', 'I enjoy writing and have a blog where I share book reviews and personal thoughts. Connecting with readers from around the world is enriching.', 'mentor'),
(34, 'Kimberlyn', 'Scrivinor', 'kimberlyn.scrivinor@gmail.com', 'Sports are my life! I\'m the captain of the soccer team and love spending my afternoons practicing or watching matches with friends.', 'mentor'),
(35, 'Shepard', 'Reihill', 'shepard.reihill@yahoo.com', 'Cooking and experimenting with new recipes is what I love most. I often host dinner parties for my friends to try out new dishes.', 'mentor'),
(36, 'Glynnis', 'Chesterman', 'glynnis.chesterman@gmail.com', 'Outdoor adventures are what I live for. Whether it\'s hiking, camping, or rock climbing, being in nature gives me peace and brings out the best in me.', 'mentor'),
(37, 'Mead', 'Gripton', 'mead.gripton@yahoo.fr', 'I enjoy writing and have a blog where I share book reviews and personal thoughts. Connecting with readers from around the world is enriching.', 'mentor'),
(38, 'Elli', 'Kubanek', 'elli.kubanek@hotmail.com', 'Cooking and experimenting with new recipes is what I love most. I often host dinner parties for my friends to try out new dishes.', 'mentee'),
(39, 'Kylie', 'Ivashechkin', 'kylie.ivashechkin@yahoo.com', 'Math challenges and numbers are where I find solace. Sudoku and puzzles occupy my free time, alongside participating in national math competitions.', 'mentor'),
(40, 'Breena', 'Kevis', 'breena.kevis@hotmail.com', 'I have a deep love for history and spend my free time visiting museums and reading about ancient civilizations. Uncovering the past is a thrill.', 'mentee'),
(41, 'Alaine', 'MacCosty', 'alaine.maccosty@yahoo.com', 'Technology and coding are my main interests. I spend weekends participating in hackathons and building apps to solve everyday problems.', 'mentor'),
(42, 'Denise', 'Elgy', 'denise.elgy@hotmail.com', 'I have a passion for mathematics and spend most of my time solving complex equations. Outside of academics, I enjoy playing chess and competing in local tournaments.', 'mentee'),
(43, 'Anthia', 'Alldis', 'anthia.alldis@hotmail.com', 'Social justice is close to my heart, and I volunteer at a local community center. Advocating for change and helping others drives me.', 'mentor'),
(44, 'Rodrique', 'Nibley', 'rodrique.nibley@yandex.ru', 'Math challenges and numbers are where I find solace. Sudoku and puzzles occupy my free time, alongside participating in national math competitions.', 'mentor'),
(45, 'Godard', 'Wildt', 'godard.wildt@hotmail.com', 'Photography helps me capture the world from different perspectives. Whether it\'s landscapes or portraits, I love finding beauty in everyday life.', 'mentor'),
(46, 'Celina', 'Durtnell', 'celina.durtnell@hotmail.fr', 'Science is my favorite subject, especially biology. Exploring the natural world and understanding how things work piques my interest like nothing else!', 'mentor'),
(47, 'Nike', 'Figliovanni', 'nike.figliovanni@yahoo.com', 'Music runs in my family, and I play the guitar in a band with my friends. On weekends, we perform at local gigs, bringing energy to the stage.', 'mentee'),
(48, 'Melitta', 'McGinly', 'melitta.mcginly@live.com', 'Art has always been a way for me to express myself. Whether it\'s painting, drawing, or sculpting, I find joy in creating something new every day.', 'mentor'),
(49, 'Tildie', 'Ren', 'tildie.ren@hotmail.com', 'I have a passion for mathematics and spend most of my time solving complex equations. Outside of academics, I enjoy playing chess and competing in local tournaments.', 'mentee'),
(50, 'Leoline', 'Klulik', 'leoline.klulik@home.nl', 'Math challenges and numbers are where I find solace. Sudoku and puzzles occupy my free time, alongside participating in national math competitions.', 'mentee'),
(51, 'Orrin', 'Kleinstub', 'orrin.kleinstub@gmail.com', 'I enjoy writing and have a blog where I share book reviews and personal thoughts. Connecting with readers from around the world is enriching.', 'mentor'),
(52, 'Mandy', 'Malzard', 'mandy.malzard@yahoo.com', 'I enjoy writing and have a blog where I share book reviews and personal thoughts. Connecting with readers from around the world is enriching.', 'mentee'),
(53, 'Josee', 'Jennaway', 'josee.jennaway@wanadoo.fr', 'Cooking and experimenting with new recipes is what I love most. I often host dinner parties for my friends to try out new dishes.', 'mentee'),
(54, 'Brew', 'Canlin', 'brew.canlin@yahoo.co.uk', 'Cooking and experimenting with new recipes is what I love most. I often host dinner parties for my friends to try out new dishes.', 'mentor'),
(55, 'Dory', 'Letteresse', 'dory.letteresse@hotmail.co.uk', 'Outdoor adventures are what I live for. Whether it\'s hiking, camping, or rock climbing, being in nature gives me peace and brings out the best in me.', 'mentee'),
(56, 'Lionello', 'Leal', 'lionello.leal@hotmail.com', 'Fashion excites me, and I love designing my own clothes. I follow the latest trends and dream of starting my own line one day.', 'mentee'),
(57, 'Kaleena', 'Spowart', 'kaleena.spowart@hotmail.com', 'Outdoor adventures are what I live for. Whether it\'s hiking, camping, or rock climbing, being in nature gives me peace and brings out the best in me.', 'mentor'),
(58, 'Vasili', 'Puckrin', 'vasili.puckrin@yahoo.com', 'Technology and coding are my main interests. I spend weekends participating in hackathons and building apps to solve everyday problems.', 'mentor'),
(59, 'Bethena', 'Lassey', 'bethena.lassey@yahoo.com', 'I have a deep love for history and spend my free time visiting museums and reading about ancient civilizations. Uncovering the past is a thrill.', 'mentor'),
(60, 'Gaelan', 'Pohlak', 'gaelan.pohlak@yahoo.com', 'Sports are my life! I\'m the captain of the soccer team and love spending my afternoons practicing or watching matches with friends.', 'mentor'),
(61, 'Paolina', 'Sallier', 'paolina.sallier@hotmail.com', 'Dance is my outlet for energy and creativity. I practice various styles and perform in competitions, always striving to learn new choreography.', 'mentee'),
(62, 'Guillermo', 'Fassam', 'guillermo.fassam@gmail.com', 'Dance is my outlet for energy and creativity. I practice various styles and perform in competitions, always striving to learn new choreography.', 'mentee'),
(63, 'Ira', 'Edgecombe', 'ira.edgecombe@yahoo.com', 'Video games are my favorite pastime. I enjoy strategy games that challenge my mind and continuously seek to improve my skills.', 'mentor'),
(64, 'Shani', 'Marques', 'shani.marques@hotmail.com', 'Music runs in my family, and I play the guitar in a band with my friends. On weekends, we perform at local gigs, bringing energy to the stage.', 'mentee'),
(65, 'Wilbert', 'Amys', 'wilbert.amys@gmail.com', 'Environmental conservation is my passion. I actively participate in tree planting events and work on educating peers about sustainable practices.', 'mentor'),
(66, 'Cyril', 'Wilds', 'cyril.wilds@outlook.com', 'I have a passion for mathematics and spend most of my time solving complex equations. Outside of academics, I enjoy playing chess and competing in local tournaments.', 'mentee'),
(67, 'Gerianna', 'Annandale', 'gerianna.annandale@gmail.com', 'Photography helps me capture the world from different perspectives. Whether it\'s landscapes or portraits, I love finding beauty in everyday life.', 'mentor'),
(68, 'Harmonie', 'Condliffe', 'harmonie.condliffe@gmail.com', 'Fashion excites me, and I love designing my own clothes. I follow the latest trends and dream of starting my own line one day.', 'mentee'),
(69, 'Isabeau', 'Werndley', 'isabeau.werndley@hotmail.com', 'I have a passion for mathematics and spend most of my time solving complex equations. Outside of academics, I enjoy playing chess and competing in local tournaments.', 'mentor'),
(70, 'Ebeneser', 'Richten', 'ebeneser.richten@gmail.com', 'Music runs in my family, and I play the guitar in a band with my friends. On weekends, we perform at local gigs, bringing energy to the stage.', 'mentor'),
(71, 'Ernst', 'Fateley', 'ernst.fateley@yahoo.co.uk', 'Photography helps me capture the world from different perspectives. Whether it\'s landscapes or portraits, I love finding beauty in everyday life.', 'mentee'),
(72, 'Tova', 'Sawday', 'tova.sawday@bigpond.com', 'I enjoy writing and have a blog where I share book reviews and personal thoughts. Connecting with readers from around the world is enriching.', 'mentee'),
(73, 'Banky', 'Simeons', 'banky.simeons@hotmail.com', 'Music runs in my family, and I play the guitar in a band with my friends. On weekends, we perform at local gigs, bringing energy to the stage.', 'mentee'),
(74, 'Catherina', 'Philson', 'catherina.philson@yahoo.com', 'Video games are my favorite pastime. I enjoy strategy games that challenge my mind and continuously seek to improve my skills.', 'mentor'),
(75, 'Gloriane', 'Jervois', 'gloriane.jervois@msn.com', 'Fashion excites me, and I love designing my own clothes. I follow the latest trends and dream of starting my own line one day.', 'mentor'),
(76, 'Bogart', 'Doswell', 'bogart.doswell@gmail.com', 'Languages fascinate me, and I\'m currently learning my fourth language. Travel is my biggest passion, and I hope to visit every continent someday.', 'mentor'),
(77, 'Randolph', 'Cunnow', 'randolph.cunnow@gmail.com', 'Outdoor adventures are what I live for. Whether it\'s hiking, camping, or rock climbing, being in nature gives me peace and brings out the best in me.', 'mentor'),
(78, 'Briggs', 'Durak', 'briggs.durak@aol.com', 'I\'m an avid reader and love diving into fantasy novels. When I\'m not studying, you can find me writing short stories or exploring new coffee shops around town.', 'mentor'),
(79, 'Katheryn', 'Pittham', 'katheryn.pittham@gmail.com', 'Math challenges and numbers are where I find solace. Sudoku and puzzles occupy my free time, alongside participating in national math competitions.', 'mentee'),
(80, 'Mallorie', 'Hammerberger', 'mallorie.hammerberger@hotmail.com', 'Science is my favorite subject, especially biology. Exploring the natural world and understanding how things work piques my interest like nothing else!', 'mentor')
(81, 'Ross', 'Kilfeather', 'ross.kilfeather@freenet.de', 'Art has always been a way for me to express myself. Whether it\'s painting, drawing, or sculpting, I find joy in creating something new every day.', 'mentee'),
(82, 'Creigh', 'Le Blond', 'creigh.leblond@hotmail.com', 'Science is my favorite subject, especially biology. Exploring the natural world and understanding how things work piques my interest like nothing else!', 'mentor'),
(83, 'Albertina', 'Olman', 'albertina.olman@hotmail.com', 'Acting is my passion, and I participate in school plays and local theater productions. I thrive on stage and love bringing characters to life.', 'mentor'),
(84, 'Ewen', 'Cullinane', 'ewen.cullinane@outlook.com', 'Cooking and experimenting with new recipes is what I love most. I often host dinner parties for my friends to try out new dishes.', 'mentor'),
(85, 'Brier', 'Bailles', 'brier.bailles@yahoo.com', 'Art has always been a way for me to express myself. Whether it\'s painting, drawing, or sculpting, I find joy in creating something new every day.', 'mentee'),
(86, 'Noam', 'Duffan', 'noam.duffan@gmail.com', 'Science is my favorite subject, especially biology. Exploring the natural world and understanding how things work piques my interest like nothing else!', 'mentee'),
(87, 'Verge', 'Starrs', 'verge.starrs@msn.com', 'Dance is my outlet for energy and creativity. I practice various styles and perform in competitions, always striving to learn new choreography.', 'mentor'),
(88, 'Devy', 'Gonzalo', 'devy.gonzalo@yahoo.com', 'Technology and coding are my main interests. I spend weekends participating in hackathons and building apps to solve everyday problems.', 'mentee'),
(89, 'Kore', 'Cestard', 'kore.cestard@hotmail.com', 'Sports are my life! I\'m the captain of the soccer team and love spending my afternoons practicing or watching matches with friends.', 'mentor'),
(90, 'Ingaberg', 'Penburton', 'ingaberg.penburton@yahoo.com', 'Fashion excites me, and I love designing my own clothes. I follow the latest trends and dream of starting my own line one day.', 'mentee'),
(91, 'Emmie', 'Stoney', 'emmie.stoney@hotmail.com', 'Dance is my outlet for energy and creativity. I practice various styles and perform in competitions, always striving to learn new choreography.', 'mentor'),
(92, 'Paxon', 'Franz-Schoninger', 'paxon.franzschoninger@bigpond.com', 'Languages fascinate me, and I\'m currently learning my fourth language. Travel is my biggest passion, and I hope to visit every continent someday.', 'mentor'),
(93, 'Bay', 'Cohan', 'bay.cohan@yahoo.com', 'Cooking and experimenting with new recipes is what I love most. I often host dinner parties for my friends to try out new dishes.', 'mentee'),
(94, 'Durant', 'Ovenell', 'durant.ovenell@gmail.com', 'I\'m an avid reader and love diving into fantasy novels. When I\'m not studying, you can find me writing short stories or exploring new coffee shops around town.', 'mentee'),
(95, 'Hans', 'Bradley', 'hans.bradley@gmail.com', 'Sports are my life! I\'m the captain of the soccer team and love spending my afternoons practicing or watching matches with friends.', 'mentee'),
(96, 'Townie', 'Knock', 'townie.knock@hotmail.com', 'I\'m an avid reader and love diving into fantasy novels. When I\'m not studying, you can find me writing short stories or exploring new coffee shops around town.', 'mentor'),
(97, 'Coreen', 'Menure', 'coreen.menure@yahoo.fr', 'Video games are my favorite pastime. I enjoy strategy games that challenge my mind and continuously seek to improve my skills.', 'mentee'),
(98, 'Josepha', 'Clemmett', 'josepha.clemmett@gmail.com', 'I have a deep love for history and spend my free time visiting museums and reading about ancient civilizations. Uncovering the past is a thrill.', 'mentor'),
(99, 'Parsifal', 'Scarlin', 'parsifal.scarlin@free.fr', 'Environmental conservation is my passion. I actively participate in tree planting events and work on educating peers about sustainable practices.', 'mentor'),
(100, 'Hodge', 'MacDermott', 'hodge.macdermott@gmail.com', 'Math challenges and numbers are where I find solace. Sudoku and puzzles occupy my free time, alongside participating in national math competitions.', 'mentee');


# inserts for student & abroadProgram bridge table
INSERT INTO studentAbroadProgram (programID, sID) VALUES
(60, 100),
(57, 94),
(41, 47),
(28, 26),
(16, 54),
(33, 92),
(59, 78),
(55, 45),
(47, 88),
(27, 22),
(53, 65),
(13, 74),
(5, 58),
(39, 35),
(44, 61),
(35, 13),
(21, 44),
(37, 50),
(4, 8),
(8, 59),
(26, 76),
(30, 41),
(5, 75),
(36, 100),
(42, 41),
(46, 55),
(25, 9),
(45, 52),
(14, 39),
(8, 99),
(60, 34),
(25, 85),
(33, 5),
(20, 33),
(6, 8),
(24, 1),
(59, 46),
(23, 2),
(51, 15),
(3, 67),
(20, 96),
(5, 69),
(1, 84),
(44, 56),
(28, 36),
(1, 54),
(9, 11),
(40, 80),
(49, 65),
(58, 68),
(45, 2),
(41, 30),
(12, 98),
(51, 6),
(34, 87),
(22, 17),
(33, 9),
(7, 2),
(48, 77),
(39, 67),
(41, 21),
(18, 21),
(59, 34),
(56, 59),
(4, 42),
(52, 100),
(11, 15),
(6, 42),
(2, 3),
(46, 19),
(28, 45),
(40, 74),
(59, 44),
(13, 89),
(13, 92),
(9, 55),
(21, 42),
(36, 40),
(26, 91),
(60, 20),
(9, 1),
(26, 91),
(2, 94),
(12, 94),
(27, 94),
(11, 100),
(44, 92),
(27, 46),
(54, 91),
(55, 1),
(33, 12),
(25, 52),
(24, 2),
(55, 24),
(12, 10),
(1, 86),
(55, 22),
(14, 16),
(57, 17),
(56, 10);


# inserts for mentee-mentor matches (NEED TO BE FIXED)
INSERT INTO mentorshipMatch (matchID, menteeID, mentorID, dateMatched) VALUES
(1, 79, 79, '2024-09-08 22:55:29'),
(2, 50, 50, '2024-05-06 20:16:45'),
(3, 29, 29, '2024-03-12 11:09:16'),
(4, 21, 21, '2024-05-26 10:07:28'),
(5, 97, 97, '2024-03-09 09:28:33'),
(6, 22, 22, '2024-11-14 21:18:59'),
(7, 95, 95, '2024-02-14 23:33:03'),
(8, 65, 65, '2024-11-06 10:06:10'),
(9, 62, 62, '2024-07-21 18:42:56'),
(10, 100, 100, '2024-07-10 18:53:18'),
(11, 23, 23, '2024-02-16 09:29:34'),
(12, 9, 9, '2023-12-29 16:20:20'),
(13, 83, 83, '2024-09-23 09:51:46'),
(14, 24, 24, '2024-02-21 18:21:50'),
(15, 13, 13, '2024-03-10 08:47:31'),
(16, 29, 29, '2024-06-30 01:30:01'),
(17, 78, 78, '2024-09-06 03:22:33'),
(18, 88, 88, '2024-10-12 05:04:32'),
(19, 89, 89, '2024-05-09 23:22:26'),
(20, 40, 40, '2024-01-02 22:36:07'),
(21, 6, 6, '2024-10-16 05:58:43'),
(22, 38, 38, '2024-04-20 06:36:07'),
(23, 32, 32, '2024-04-11 00:20:35'),
(24, 58, 58, '2023-12-16 09:37:43'),
(25, 13, 13, '2024-09-18 21:12:21'),
(26, 68, 68, '2024-04-13 10:17:18'),
(27, 15, 15, '2024-03-23 04:01:03'),
(28, 41, 41, '2024-06-25 11:18:28'),
(29, 25, 25, '2024-11-12 17:42:34'),
(30, 82, 82, '2024-11-23 14:53:42'),
(31, 15, 15, '2024-07-31 02:11:29'),
(32, 35, 35, '2024-01-20 09:15:11'),
(33, 31, 31, '2024-02-08 18:52:02'),
(34, 24, 24, '2024-09-22 06:46:12'),
(35, 5, 5, '2024-07-21 23:39:03'),
(36, 8, 8, '2024-04-22 14:33:14'),
(37, 40, 40, '2024-02-26 13:07:22'),
(38, 36, 36, '2024-09-20 16:47:51'),
(39, 34, 34, '2024-01-20 02:03:51'),
(40, 89, 89, '2024-03-31 12:34:21'),
(41, 1, 1, '2024-03-19 11:17:48'),
(42, 55, 55, '2023-12-15 00:24:37'),
(43, 66, 66, '2023-12-23 19:34:20'),
(44, 10, 10, '2024-04-19 10:45:55'),
(45, 100, 100, '2024-04-06 13:46:03'),
(46, 48, 48, '2024-03-28 23:51:49'),
(47, 20, 20, '2024-10-16 08:04:15'),
(48, 12, 12, '2023-11-27 21:01:50'),
(49, 48, 48, '2024-06-12 12:41:19'),
(50, 60, 60, '2024-01-17 16:31:49'),
(51, 7, 7, '2024-07-24 13:27:12'),
(52, 4, 4, '2023-12-31 05:49:35'),
(53, 74, 74, '2024-11-26 03:27:54'),
(54, 54, 54, '2024-02-07 06:36:21'),
(55, 37, 37, '2023-12-23 01:57:15'),
(56, 61, 61, '2024-01-09 09:28:03'),
(57, 70, 70, '2024-05-19 05:49:13'),
(58, 78, 78, '2024-07-02 19:25:13'),
(59, 31, 31, '2023-12-21 20:23:46'),
(60, 19, 19, '2024-08-10 01:05:41'),
(61, 56, 56, '2024-01-06 14:27:27'),
(62, 48, 48, '2023-12-09 03:48:14'),
(63, 30, 30, '2024-08-22 17:07:22'),
(64, 68, 68, '2024-06-10 20:02:33'),
(65, 29, 29, '2024-04-09 23:37:42'),
(66, 4, 4, '2024-03-09 06:58:45'),
(67, 79, 79, '2024-08-09 01:04:50'),
(68, 80, 80, '2024-09-05 06:15:15'),
(69, 97, 97, '2023-12-26 14:20:21'),
(70, 24, 24, '2024-11-09 01:26:05'),
(71, 43, 43, '2024-03-17 04:48:00'),
(72, 60, 60, '2024-02-03 18:39:00'),
(73, 92, 92, '2024-08-17 07:05:28'),
(74, 44, 44, '2024-06-16 04:10:44'),
(75, 63, 63, '2024-05-19 05:38:58'),
(76, 59, 59, '2024-03-13 07:56:27'),
(77, 90, 90, '2024-07-31 07:52:22'),
(78, 21, 21, '2024-03-10 01:35:00'),
(79, 19, 19, '2023-12-09 03:29:34'),
(80, 74, 74, '2024-09-10 10:01:18'),
(81, 39, 39, '2024-09-13 16:23:57'),
(82, 3, 3, '2024-02-22 11:20:13'),
(83, 47, 47, '2024-05-13 21:39:58'),
(84, 94, 94, '2024-05-01 17:55:07'),
(85, 34, 34, '2024-03-23 18:46:25'),
(86, 63, 63, '2024-07-01 10:33:14'),
(87, 72, 72, '2024-10-27 19:41:00'),
(88, 51, 51, '2024-05-04 22:19:02'),
(89, 16, 16, '2024-07-03 21:04:22'),
(90, 6, 6, '2024-07-13 18:33:44'),
(91, 89, 89, '2024-06-29 14:44:08'),
(92, 60, 60, '2024-10-19 15:05:19'),
(93, 82, 82, '2024-09-08 05:06:16'),
(94, 41, 41, '2024-02-09 12:55:15'),
(95, 51, 51, '2024-02-02 07:46:18'),
(96, 47, 47, '2024-08-23 01:59:04'),
(97, 88, 88, '2024-02-23 12:26:09'),
(98, 42, 42, '2024-04-17 13:25:55'),
(99, 44, 44, '2024-08-20 08:39:45'),
(100, 36, 36, '2023-12-07 09:04:27');


# inserts for major
INSERT INTO Major (majorID, majorName, Department) VALUES
(1, 'Computer Science', 'Engineering'),
(2, 'Mechanical Engineering', 'Engineering'),
(3, 'Psychology', 'Arts and Sciences'),
(4, 'Biology', 'Science'),
(5, 'Business Administration', 'Business'),
(6, 'Economics', 'Social Sciences'),
(7, 'Political Science', 'Social Sciences'),
(8, 'History', 'Arts and Humanities'),
(9, 'English Literature', 'Arts and Humanities'),
(10, 'Physics', 'Science'),
(11, 'Chemistry', 'Science'),
(12, 'Mathematics', 'Science'),
(13, 'Philosophy', 'Arts and Humanities'),
(14, 'Sociology', 'Social Sciences'),
(15, 'Anthropology', 'Social Sciences'),
(16, 'Electrical Engineering', 'Engineering'),
(17, 'Civil Engineering', 'Engineering'),
(18, 'Architecture', 'Design'),
(19, 'Art History', 'Arts and Humanities'),
(20, 'Music', 'Performing Arts'),
(21, 'Theater', 'Performing Arts'),
(22, 'Environmental Science', 'Science'),
(23, 'Nursing', 'Health Sciences'),
(24, 'Public Health', 'Health Sciences'),
(25, 'Communication', 'Social Sciences'),
(26, 'Journalism', 'Arts and Sciences'),
(27, 'Education', 'Education'),
(28, 'Linguistics', 'Arts and Humanities'),
(29, 'Computer Engineering', 'Engineering'),
(30, 'Chemical Engineering', 'Engineering'),
(31, 'Finance', 'Business'),
(32, 'Marketing', 'Business'),
(33, 'Accounting', 'Business'),
(34, 'Human Resource Management', 'Business'),
(35, 'Information Technology', 'Engineering'),
(36, 'Cybersecurity', 'Science'),
(37, 'Biochemistry', 'Science'),
(38, 'Oceanography', 'Science'),
(39, 'Astronomy', 'Science'),
(40, 'Geology', 'Science'),
(41, 'Botany', 'Science'),
(42, 'Zoology', 'Science'),
(43, 'Statistics', 'Science'),
(44, 'Urban Planning', 'Design'),
(45, 'Graphic Design', 'Design'),
(46, 'Film Studies', 'Arts and Humanities'),
(47, 'Fashion Design', 'Design'),
(48, 'International Relations', 'Social Sciences'),
(49, 'Sports Management', 'Business'),
(50, 'Culinary Arts', 'Arts and Humanities');

# inserts for student-major bridge table
INSERT INTO your_table_name (majorID, sID) VALUES
(31, 62),
(14, 27),
(50, 99),
(42, 60),
(30, 83),
(6, 51),
(42, 64),
(26, 42),
(21, 22),
(11, 71),
(36, 88),
(44, 100),
(5, 9),
(41, 81),
(25, 58),
(40, 79),
(7, 14),
(12, 23),
(30, 60),
(49, 97),
(27, 53),
(16, 32),
(36, 71),
(11, 22),
(30, 59),
(30, 52),
(26, 31),
(16, 62),
(31, 40),
(20, 41),
(21, 6),
(3, 31),
(16, 91),
(46, 32),
(33, 90),
(45, 93),
(47, 21),
(11, 79),
(40, 81),
(41, 28),
(14, 36),
(7, 13),
(30, 59),
(9, 17),
(1, 2),
(9, 8),
(19, 18),
(32, 38),
(34, 14),
(46, 63),
(47, 67),
(7, 26),
(38, 91),
(2, 93),
(47, 14),
(21, 75),
(19, 3),
(49, 94),
(30, 41),
(21, 37),
(46, 24),
(31, 97),
(37, 59),
(41, 42),
(4, 92),
(32, 62),
(13, 73),
(10, 76),
(39, 82),
(47, 7),
(27, 63),
(40, 25),
(42, 20),
(40, 77),
(28, 93),
(30, 92),
(43, 53),
(16, 79),
(14, 12),
(27, 83),
(24, 8),
(16, 80),
(8, 4),
(43, 98),
(23, 86),
(47, 32),
(50, 27),
(16, 54),
(17, 48),
(3, 31),
(23, 16),
(14, 85),
(19, 45),
(16, 94),
(23, 99),
(7, 33),
(16, 5),
(10, 45),
(7, 27),
(48, 37);

# inserts for questions
INSERT INTO your_table_name (qID, sID, content, datePosted, isApproved, abroadProgram) VALUES
(1, 30, 'What is the culture like in the city, and how can I best integrate into it?', '2024-03-06 03:34:04', 0, 43),
(2, 85, 'How do I open a bank account as an international student?', '2023-11-30 21:12:47', 1, 23),
(3, 46, 'Are there any cultural differences I should be aware of when studying here?', '2024-11-03 12:04:12', 1, 27),
(4, 91, 'Are there internship or job opportunities available for international students?', '2024-02-08 07:52:40', 0, 3),
(5, 34, 'What is the general attitude toward international students in this country?', '2024-02-16 02:36:42', 0, 30),
(6, 25, 'What is the culture like in the city, and how can I best integrate into it?', '2024-02-09 02:59:01', 1, 27),
(7, 28, 'Are there any local banks that offer student accounts with no fees?', '2024-01-26 04:05:28', 1, 26),
(8, 4, 'Is it easy to travel around the country during weekends or holidays?', '2024-01-01 14:21:17', 0, 44),
(9, 70, 'What are the most common challenges international students face in this city or country?', '2024-11-17 14:58:54', 0, 6),
(10, 55, 'How do I get a residence permit or extend my stay if I decide to stay longer?', '2024-04-17 12:29:47', 0, 35),
(11, 27, 'Can I work part-time while studying abroad?', '2024-04-26 21:55:13', 1, 38),
(12, 100, 'What is the culture like in the city, and how can I best integrate into it?', '2024-11-27 11:26:10', 1, 38),
(13, 71, 'Are there any local traditions or holidays I should be aware of during my stay?', '2024-06-04 20:22:01', 1, 45),
(14, 17, 'What is the local attitude toward environmental sustainability and eco-friendly practices?', '2023-12-13 04:18:44', 0, 4),
(15, 33, 'Can I transfer credits from my study abroad program back to my home institution?', '2023-12-23 13:15:54', 0, 48),
(16, 1, 'Are there any local networking or career events for international students?', '2024-06-24 02:24:28', 1, 28),
(17, 52, 'How do I get involved in research or academic opportunities as an international student?', '2024-07-15 18:19:40', 0, 16),
(18, 8, 'How can I stay connected with family and friends back home while abroad?', '2024-08-31 00:02:15', 0, 3),
(19, 45, 'Are there opportunities for international students to engage in local political or social movements?', '2024-08-29 18:03:12', 1, 35),
(20, 85, 'What are the main safety concerns in this city or country?', '2024-09-26 12:01:50', 0, 38),
(21, 65, 'What is the procedure for enrolling in courses as an international student?', '2024-08-19 23:52:13', 0, 4),
(22, 62, 'How safe is the neighborhood around the university for international students?', '2024-11-12 05:43:41', 1, 47),
(23, 82, 'Are there any local networking or career events for international students?', '2024-11-08 00:39:47', 0, 23),
(24, 26, 'What is the culture like in the city, and how can I best integrate into it?', '2024-11-09 18:55:52', 1, 15),
(25, 37, 'Are there scholarships available for international students?', '2023-12-14 15:45:50', 0, 19),
(26, 51, 'How can I stay updated on events and activities on campus?', '2024-07-20 00:42:18', 0, 18),
(27, 86, 'What types of extracurricular activities are available for international students?', '2024-03-26 22:31:39', 1, 12),
(28, 52, 'Can I use my phone plan from home, or do I need to get a local SIM card?', '2024-09-08 11:25:42', 1, 20),
(29, 38, 'Is it easy to travel around the country during weekends or holidays?', '2024-02-15 19:11:11', 0, 25),
(30, 53, 'What support is available for students with disabilities or special needs?', '2023-12-11 14:49:55', 1, 55),
(31, 66, 'Is the city known for any specific industries or fields of study that might benefit my career?', '2024-10-31 13:36:03', 1, 32),
(32, 45, 'Are there internship or job opportunities available for international students?', '2024-09-30 00:34:46', 1, 29),
(33, 30, 'Can I work part-time while studying abroad?', '2023-12-09 08:02:50', 0, 41),
(34, 71, 'What support is available for students with disabilities or special needs?', '2024-07-10 00:18:10', 0, 39),
(35, 20, 'What is the cost of living in the city where the program is located?', '2024-04-02 11:13:05', 1, 55),
(36, 85, 'What is the general level of English spoken in the city or region?', '2024-10-27 08:27:58', 1, 44),
(37, 10, 'How can I stay connected with family and friends back home while abroad?', '2024-09-15 08:05:06', 0, 2),
(38, 74, 'Are there any language courses available for non-native speakers before the program begins?', '2024-02-15 05:12:19', 1, 15),
(39, 78, 'What is the food culture like, and are there options for vegetarians or vegans?', '2024-04-28 19:01:32', 1, 19),
(40, 69, 'How do I handle emergencies, like accidents or illnesses, while studying abroad?', '2024-05-04 05:34:53', 0, 33),
(41, 43, 'What is the culture like in the city, and how can I best integrate into it?', '2024-03-03 11:23:03', 0, 20),
(42, 62, 'Are there any local networking or career events for international students?', '2023-12-12 03:06:16', 0, 52),
(43, 21, 'How can I stay updated on events and activities on campus?', '2024-02-29 22:16:17', 0, 52),
(44, 66, 'What are the main safety concerns in this city or country?', '2024-08-29 12:33:03', 0, 37),
(45, 67, 'Is there student housing available, or should I look for private accommodations?', '2024-03-06 04:34:18', 0, 12),
(46, 97, 'What is the student to faculty ratio at this university?', '2024-11-24 19:17:25', 0, 7),
(47, 3, 'Is there student housing available, or should I look for private accommodations?', '2024-06-14 01:04:21', 0, 56),
(48, 17, 'How do I navigate the local legal system if I need assistance?', '2023-12-25 17:23:05', 1, 19),
(49, 57, 'Are there any student discounts available for transportation or entertainment?', '2024-07-08 23:06:23', 0, 4),
(50, 94, 'What is the local attitude toward tourists and foreigners in general?', '2024-08-07 22:12:46', 0, 38),
(51, 45, 'What is the language of instruction, and are there language proficiency requirements?', '2024-11-24 02:25:09', 0, 53),
(52, 50, 'How does the grading system work at the university compared to my home country?', '2024-09-26 19:51:46', 0, 41),
(53, 87, 'Are there any common scams or pitfalls that international students should avoid?', '2024-06-26 19:20:11', 0, 44),
(54, 89, 'What is the culture like in the city, and how can I best integrate into it?', '2024-02-04 07:37:39', 0, 11),
(55, 19, 'Is there an airport pickup service for students arriving at the university?', '2024-04-13 17:39:23', 1, 1),
(56, 42, 'Are there any language courses available for non-native speakers before the program begins?', '2024-01-08 10:26:51', 0, 14),
(57, 71, 'How far is the university from the nearest airport or transportation hub?', '2024-04-03 04:57:16', 1, 43),
(58, 80, 'How do I navigate the local legal system if I need assistance?', '2023-12-03 19:03:13', 0, 53),
(59, 93, 'Is there access to healthcare for international students, and how does it work?', '2024-08-22 01:20:53', 0, 18),
(60, 78, 'What is the general level of English spoken in the city or region?', '2024-02-03 21:03:59', 1, 29),
(61, 6, 'Are there any local networking or career events for international students?', '2024-07-22 02:41:58', 1, 39),
(62, 88, 'Are there any language courses available for non-native speakers before the program begins?', '2024-06-29 02:19:48', 0, 32),
(63, 51, 'What is the local attitude toward environmental sustainability and eco-friendly practices?', '2024-07-11 21:16:06', 1, 41),
(64, 77, 'How can I stay updated on events and activities on campus?', '2024-02-08 05:40:16', 0, 3),
(65, 26, 'What is the general level of English spoken in the city or region?', '2024-01-21 18:22:46', 1, 16),
(66, 76, 'What are the public transportation options, and are they affordable?', '2024-10-12 09:08:56', 0, 2),
(67, 32, 'Are there any specific safety apps or services available for students?', '2024-01-02 11:14:06', 0, 9),
(68, 5, 'Are there any specific clothing or cultural norms I should be aware of?', '2024-11-24 18:21:29', 0, 19),
(69, 15, 'Are there any local networking or career events for international students?', '2024-10-04 17:44:36', 1, 3),
(70, 9, 'What are the most common challenges international students face in this city or country?', '2024-08-20 15:41:58', 0, 23);
