matchID,menteeID,mentorID,dateMatched
1,79,79,2024-09-08 22:55:29
2,50,50,2024-05-06 20:16:45
3,29,29,2024-03-12 11:09:16
4,21,21,2024-05-26 10:07:28
5,97,97,2024-03-09 09:28:33
6,22,22,2024-11-14 21:18:59
7,95,95,2024-02-14 23:33:03
8,65,65,2024-11-06 10:06:10
9,62,62,2024-07-21 18:42:56
10,100,100,2024-07-10 18:53:18
11,23,23,2024-02-16 09:29:34
12,9,9,2023-12-29 16:20:20
13,83,83,2024-09-23 09:51:46
14,24,24,2024-02-21 18:21:50
15,13,13,2024-03-10 08:47:31
16,29,29,2024-06-30 01:30:01
17,78,78,2024-09-06 03:22:33
18,88,88,2024-10-12 05:04:32
19,89,89,2024-05-09 23:22:26
20,40,40,2024-01-02 22:36:07
21,6,6,2024-10-16 05:58:43
22,38,38,2024-04-20 06:36:07
23,32,32,2024-04-11 00:20:35
24,58,58,2023-12-16 09:37:43
25,13,13,2024-09-18 21:12:21
26,68,68,2024-04-13 10:17:18
27,15,15,2024-03-23 04:01:03
28,41,41,2024-06-25 11:18:28
29,25,25,2024-11-12 17:42:34
30,82,82,2024-11-23 14:53:42
31,15,15,2024-07-31 02:11:29
32,35,35,2024-01-20 09:15:11
33,31,31,2024-02-08 18:52:02
34,24,24,2024-09-22 06:46:12
35,5,5,2024-07-21 23:39:03
36,8,8,2024-04-22 14:33:14
37,40,40,2024-02-26 13:07:22
38,36,36,2024-09-20 16:47:51
39,34,34,2024-01-20 02:03:51
40,89,89,2024-03-31 12:34:21
41,1,1,2024-03-19 11:17:48
42,55,55,2023-12-15 00:24:37
43,66,66,2023-12-23 19:34:20
44,10,10,2024-04-19 10:45:55
45,100,100,2024-04-06 13:46:03
46,48,48,2024-03-28 23:51:49
47,20,20,2024-10-16 08:04:15
48,12,12,2023-11-27 21:01:50
49,48,48,2024-06-12 12:41:19
50,60,60,2024-01-17 16:31:49
51,7,7,2024-07-24 13:27:12
52,4,4,2023-12-31 05:49:35
53,74,74,2024-11-26 03:27:54
54,54,54,2024-02-07 06:36:21
55,37,37,2023-12-23 01:57:15
56,61,61,2024-01-09 09:28:03
57,70,70,2024-05-19 05:49:13
58,78,78,2024-07-02 19:25:13
59,31,31,2023-12-21 20:23:46
60,19,19,2024-08-10 01:05:41
61,56,56,2024-01-06 14:27:27
62,48,48,2023-12-09 03:48:14
63,30,30,2024-08-22 17:07:22
64,68,68,2024-06-10 20:02:33
65,29,29,2024-04-09 23:37:42
66,4,4,2024-03-09 06:58:45
67,79,79,2024-08-09 01:04:50
68,80,80,2024-09-05 06:15:15
69,97,97,2023-12-26 14:20:21
70,24,24,2024-11-09 01:26:05
71,43,43,2024-03-17 04:48:00
72,60,60,2024-02-03 18:39:00
73,92,92,2024-08-17 07:05:28
74,44,44,2024-06-16 04:10:44
75,63,63,2024-05-19 05:38:58
76,59,59,2024-03-13 07:56:27
77,90,90,2024-07-31 07:52:22
78,21,21,2024-03-10 01:35:00
79,19,19,2023-12-09 03:29:34
80,74,74,2024-09-10 10:01:18
81,39,39,2024-09-13 16:23:57
82,3,3,2024-02-22 11:20:13
83,47,47,2024-05-13 21:39:58
84,94,94,2024-05-01 17:55:07
85,34,34,2024-03-23 18:46:25
86,63,63,2024-07-01 10:33:14
87,72,72,2024-10-27 19:41:00
88,51,51,2024-05-04 22:19:02
89,16,16,2024-07-03 21:04:22
90,6,6,2024-07-13 18:33:44
91,89,89,2024-06-29 14:44:08
92,60,60,2024-10-19 15:05:19
93,82,82,2024-09-08 05:06:16
94,41,41,2024-02-09 12:55:15
95,51,51,2024-02-02 07:46:18
96,47,47,2024-08-23 01:59:04
97,88,88,2024-02-23 12:26:09
98,42,42,2024-04-17 13:25:55
99,44,44,2024-08-20 08:39:45
100,36,36,2023-12-07 09:04:27
